shipperid,companyname,website,contactphone
1,Skinder,hubpages,891-616-2317
2,Linklinks,tinypic,827-706-0427
3,Livepath,yandex,904-132-5097
4,Youfeed,google,135-881-6664
5,Fliptune,prlog,195-991-2019
6,DabZ,kickstarte,841-321-2332
7,Kazio,eventbrite,951-803-4428
8,Quimba,theatlanti,163-672-3765
9,Topicware,disqus,309-875-3337
10,Skiptube,oakley,701-334-6187
11,Realblab,topsy,526-634-7506
12,Tazzy,quantcast,633-542-5981
13,Eayo,census,997-511-5687
14,Yambee,about,107-148-7634
15,Quimm,mysql,215-362-9685
16,Twitterworks,unblog,820-101-6581
17,Zoonder,accuweathe,414-566-6568
18,Vimbo,aol,953-720-9912
19,Zoomzone,who,211-316-8126
20,Livepath,si,260-829-8946
21,Edgewire,arstechnic,994-271-9543
22,Demimbu,sciencedai,805-691-7948
23,Layo,sitemeter,261-323-5908
24,Skiba,vkontakte,474-515-7027
25,Yakitri,npr,768-839-2070
26,Edgeify,phoca,866-505-2640
27,Dynabox,alibaba,759-668-9750
28,Zooveo,mapy,849-277-3807
29,Vipe,upenn,829-746-8829
30,Leexo,paginegial,378-279-9110
31,Wikido,domainmark,129-963-7034
32,Oodoo,moonfruit,625-956-0363
33,Edgetag,yellowpage,365-891-7493
34,Riffpedia,usatoday,459-684-3172
35,Cogidoo,webmd,109-513-8568
36,Feedmix,nsw,448-548-7547
37,Tagchat,creativeco,431-184-1793
38,Reallinks,example,332-202-3283
39,Topdrive,scientific,338-484-3908
40,Omba,elegantthe,144-937-4475
41,Demimbu,wikimedia,929-503-5604
42,Yambee,ebay,546-665-9621
43,Brightdog,usnews,657-561-5026
44,Rhybox,marriott,449-836-4072
45,Browseblab,sun,408-738-2904
46,Divape,artisteer,485-608-7688
47,Linkbuzz,diigo,701-443-4795
48,Quatz,fda,164-383-5993
49,Jaxbean,nasa,734-188-1643
50,Skibox,freewebs,510-602-7939
51,Rhynoodle,goodreads,701-544-4831
52,Edgepulse,simplemach,713-861-6232
53,Babblestorm,ted,666-458-6484
54,Rhybox,deliciousd,780-863-8193
55,Edgepulse,geocities,359-318-1762
56,Devshare,nps,344-812-3601
57,Skalith,unicef,504-220-5473
58,Photobean,bandcamp,979-585-7308
59,Bluejam,acquirethi,117-248-2368
60,Blogspan,joomla,322-324-9519
61,Oyoloo,cnn,837-615-7312
62,Dazzlesphere,amazonaws,603-356-2398
63,Twimm,parallels,101-104-4515
64,Wordtune,princeton,245-773-5521
65,Yoveo,mapquest,546-709-2048
66,Quimm,spotify,362-746-6973
67,Skilith,telegraph,866-183-1021
68,Avamba,soundcloud,584-189-9229
69,Jatri,nsw,770-281-9436
70,Fatz,loc,309-455-6633
71,Zava,shinystat,312-362-4789
72,Yodoo,networksol,672-513-0078
73,Realcube,live,672-788-8521
74,Dabfeed,yellowpage,910-794-3400
75,Yadel,msn,161-959-5031
76,Bluezoom,google,404-526-0498
77,Babbleblab,a8,517-818-8739
78,Zoonder,wordpress,349-343-4548
79,Thoughtstorm,china,492-844-2063
80,Realblab,csmonitor,305-872-6752
81,Zoombox,networksol,311-160-5870
82,Meembee,sbwire,716-647-0470
83,Reallinks,facebook,564-193-5118
84,Jetwire,flickr,198-176-8508
85,Jabberstorm,list-manag,708-513-8464
86,Abata,google,272-272-9564
87,Jaxbean,twitter,700-847-9190
88,Mynte,last,240-202-1823
89,Quatz,mayoclinic,971-269-2175
90,Roombo,shinystat,191-570-0867
91,Leexo,paypal,328-500-3488
92,Blogtags,fema,525-584-3305
93,Mybuzz,booking,268-821-2233
94,Yotz,patch,891-742-4405
95,Zoomdog,ezineartic,440-445-4842
96,Tagchat,hubpages,808-687-7455
97,Eabox,so-net,447-438-1476
98,Browseblab,chicagotri,751-692-4578
99,Gabspot,canalblog,329-157-2761
100,Shuffledrive,altervista,848-162-4862
101,Viva,cdbaby,669-247-2110
102,Devpoint,mail,547-805-2047
103,Bubblebox,163,434-211-0707
104,Riffwire,hhs,154-224-4410
105,Skiba,yolasite,300-297-2328
106,Jabbercube,noaa,937-887-6686
107,Dabshots,moonfruit,942-884-2170
108,Rhynyx,wikia,823-149-3110
109,Twitternation,de,641-897-1907
110,Vitz,g,179-881-7540
111,Photobug,telegraph,480-607-5168
112,Browsezoom,toplist,144-999-2904
113,Jayo,bigcartel,371-867-5168
114,Dynabox,oracle,573-904-4915
115,Topicstorm,mit,216-924-5547
116,Vinder,fema,643-646-8134
117,Aimbo,yahoo,432-168-4375
118,Eamia,cnbc,310-110-0325
119,Divavu,yahoo,744-985-7042
120,Kwimbee,disqus,687-618-9072
121,Voonix,github,392-330-4234
122,Yakidoo,tuttocitta,844-171-1005
123,Reallinks,huffington,943-918-9289
124,Tagopia,people,279-345-4805
125,Voonder,mail,493-148-6963
126,Wikido,sciencedir,508-748-1296
127,Yombu,pinterest,662-434-7863
128,Divavu,technorati,424-889-8168
129,Miboo,livejourna,333-469-1321
130,Twinder,geocities,530-439-0298
131,Babbleset,github,147-842-7177
132,Centimia,nydailynew,698-125-6703
133,Skinte,statcounte,465-267-2238
134,Meevee,diigo,156-687-2287
135,Mudo,ted,453-694-8665
136,Fivespan,seesaa,235-511-8321
137,Mydo,i2i,572-159-4772
138,Zooveo,last,757-722-8761
139,Meembee,deliciousd,762-355-6620
140,Brightbean,netscape,569-371-1716
141,Wikido,bigcartel,405-910-9483
142,Kwimbee,vinaora,989-810-9284
143,Tagopia,earthlink,128-458-9900
144,Vitz,dot,372-533-4938
145,Photobean,wundergrou,265-738-4556
146,Gabtype,addthis,141-651-8134
147,Npath,vinaora,363-226-4025
148,Topdrive,cnn,950-121-6944
149,Linklinks,huffington,105-657-9331
150,Tagpad,themefores,253-653-8689
151,Realpoint,whitehouse,998-579-8406
152,Yodel,disqus,670-252-6414
153,Shufflester,goo,618-389-5987
154,Thoughtsphere,oracle,261-769-5559
155,Yozio,toplist,381-677-6054
156,Gigazoom,nymag,853-538-2590
157,Kaymbo,sun,298-542-5225
158,Dabshots,cpanel,506-110-6516
159,Latz,nature,221-392-2943
160,Gigashots,multiply,653-935-0555
161,Yamia,marriott,772-799-2207
162,Tagfeed,shinystat,957-698-1460
163,Oodoo,github,846-246-9101
164,Quimm,ifeng,308-195-2317
165,Eazzy,photobucke,652-275-4460
166,Eidel,patch,390-310-4194
167,Dazzlesphere,weibo,348-163-8638
168,Skyble,zdnet,438-390-9336
169,Feedmix,shop-pro,326-325-6983
170,Yakijo,europa,366-323-6654
171,Zoovu,nature,827-934-7190
172,Skaboo,gravatar,752-126-1250
173,Miboo,reverbnati,308-186-9126
174,Minyx,cam,522-460-8095
175,Zoombeat,imgur,278-275-1238
176,Youspan,lulu,288-108-4525
177,Jayo,cocolog-ni,460-569-1376
178,Devbug,cocolog-ni,217-515-0176
179,Twitterbridge,stanford,233-758-5053
180,Skinix,youku,282-358-3137
181,Tagtune,netlog,680-261-5398
182,Wordify,spotify,868-406-6982
183,Blognation,sciencedai,977-538-3264
184,Omba,psu,391-773-0275
185,Zooxo,163,371-677-0534
186,Jabbersphere,seattletim,786-562-8014
187,Zoomcast,friendfeed,282-598-6940
188,Eimbee,webs,676-500-7800
189,Jamia,live,263-625-2975
190,Edgewire,elpais,831-679-3005
191,Flashset,mediafire,997-962-5471
192,Oozz,hugedomain,828-309-8598
193,Quaxo,sphinn,546-688-5735
194,Rhybox,answers,400-611-5410
195,Realpoint,jugem,796-297-3485
196,Jazzy,cbslocal,463-221-5521
197,Devpoint,storify,360-818-4589
198,Yata,deliciousd,787-733-5802
199,Janyx,senate,868-668-3816
200,Devpoint,smugmug,957-137-2799
201,Skinte,eepurl,465-562-9765
202,Tazz,youtu,800-152-6898
203,Twinder,nhs,979-996-1591
204,Riffpath,twitpic,283-930-2674
205,Demimbu,boston,948-320-4968
206,Riffwire,ed,640-988-8182
207,Gabspot,stanford,785-112-7722
208,Browseblab,cpanel,254-775-2106
209,Blogtags,nature,450-117-4228
210,Kwinu,usa,594-573-7691
211,Twitternation,marketwatc,593-398-1645
212,Yata,drupal,139-211-3267
213,Plambee,clickbank,955-761-3454
214,Skippad,ucoz,616-763-7252
215,Jaxspan,usa,382-814-6524
216,Flashpoint,gov,856-296-2995
217,Rhynyx,naver,837-776-9650
218,Tagtune,biglobe,287-840-7820
219,Yodo,ask,361-997-8202
220,Divanoodle,economist,316-735-6350
221,Voonder,w3,787-776-3252
222,Realcube,marketwatc,139-958-2915
223,Mynte,utexas,853-231-5635
224,Mudo,ca,157-448-0582
225,Feedmix,g,856-179-3428
226,Voolia,rediff,353-868-0758
227,Quatz,csmonitor,448-579-2646
228,Zoonoodle,storify,304-664-5683
229,Divanoodle,aol,663-327-0249
230,Topicshots,geocities,146-937-6175
231,Brainsphere,yolasite,202-542-6878
232,Thoughtblab,etsy,327-898-3343
233,Kanoodle,nyu,693-477-0739
234,Skivee,example,652-569-4790
235,Oyonder,clickbank,990-243-7896
236,Muxo,sbwire,583-422-6085
237,Midel,github,302-705-2918
238,Cogilith,sohu,722-863-7285
239,Gigashots,desdev,191-791-3554
240,Jabbercube,php,223-293-2583
241,Dablist,wisc,550-883-9901
242,Plajo,timesonlin,259-195-4870
243,Devpoint,webeden,321-276-8793
244,Devify,jimdo,606-304-9156
245,Edgeify,accuweathe,535-996-6564
246,Oyoloo,dedecms,961-614-5314
247,Zoozzy,washington,797-113-9820
248,Fivebridge,gizmodo,564-161-6577
249,Dablist,chicagotri,644-725-1146
250,Eayo,ebay,213-351-4015
251,Kwilith,unc,103-683-0306
252,Zoombox,mozilla,359-102-7154
253,Gigabox,independen,616-173-2742
254,Dynabox,yahoo,344-729-4597
255,Divavu,nationalge,792-251-2423
256,Dynabox,tamu,550-926-2491
257,Skyba,spotify,910-168-3416
258,Livepath,shutterfly,711-772-5501
259,Twinte,t,898-456-3073
260,Bluezoom,irs,888-485-9137
261,Gabvine,umn,920-116-3606
262,Muxo,psu,987-360-0929
263,Gabspot,google,975-926-8758
264,Divanoodle,ifeng,870-598-8469
265,InnoZ,icio,610-477-2611
266,Topiczoom,ebay,118-752-1870
267,Twitternation,marketwatc,439-237-4787
268,Zoombox,latimes,766-134-1902
269,Flashset,nymag,425-568-2017
270,Meejo,upenn,677-752-0208
271,Realcube,mlb,824-779-2287
272,Ozu,indiatimes,832-520-4431
273,Skaboo,unesco,103-547-0657
274,Jaxworks,eepurl,130-808-2447
275,Eire,51,541-121-0292
276,Roombo,flavors,897-173-8482
277,Topicstorm,wsj,242-265-9679
278,Linklinks,yahoo,810-517-3358
279,Youspan,vimeo,881-932-4181
280,Cogibox,dedecms,619-343-6235
281,Yambee,blogtalkra,950-178-3531
282,Cogidoo,hugedomain,566-628-9067
283,Geba,pen,622-469-2221
284,Flipopia,theatlanti,394-267-8351
285,Skipstorm,linkedin,320-758-2053
286,Fadeo,sitemeter,258-946-3946
287,Shuffletag,flickr,486-994-2570
288,Mycat,desdev,125-147-7213
289,Skalith,seesaa,570-187-8953
290,Rhynyx,bloglines,604-991-5430
291,Muxo,google,991-319-8363
292,Ailane,theatlanti,841-202-3294
293,Bubblemix,addthis,226-661-3464
294,Yadel,mapy,843-687-3379
295,Rhyzio,flickr,190-934-4603
296,Pixope,paginegial,211-295-1267
297,Wordpedia,goo,255-451-8666
298,Demimbu,aol,705-150-8665
299,Avavee,blogspot,790-200-3231
300,Flashspan,ustream,589-469-6471
301,Gigabox,cam,936-788-1442
302,Tagfeed,gov,197-415-6205
303,Feedmix,wordpress,831-255-7779
304,Edgetag,sogou,331-885-8520
305,Rhynoodle,vinaora,359-400-8431
306,Flipbug,goo,732-515-2914
307,Izio,house,325-869-6265
308,JumpXS,infoseek,545-831-0612
309,Meevee,themefores,871-573-3357
310,Skyba,ft,474-593-6027
311,Linktype,wikispaces,500-548-0207
312,Oyoloo,nytimes,134-502-9588
313,Kare,ameblo,427-568-3204
314,Devify,artisteer,752-671-9109
315,Realbridge,webs,349-803-6542
316,LiveZ,theatlanti,804-317-0658
317,Zoombox,economist,983-742-6540
318,Jamia,i2i,487-591-1566
319,Thoughtstorm,opensource,360-909-7720
320,Skidoo,simplemach,290-466-0214
321,BlogXS,samsung,873-246-4649
322,Oyonder,abc,344-685-2055
323,Eazzy,telegraph,914-608-2373
324,Skinder,noaa,117-114-4331
325,Eimbee,elpais,962-378-2227
326,Kimia,list-manag,817-612-2962
327,Skippad,ning,860-209-4059
328,Skivee,com,234-526-2852
329,Wikido,cbslocal,120-820-3476
330,Realblab,yelp,553-181-4493
331,Quatz,networksol,671-159-5620
332,Shuffledrive,apple,518-137-9911
333,Plambee,uiuc,164-228-4878
334,DabZ,jiathis,327-882-6389
335,Gabspot,mail,975-796-5224
336,Yacero,wiley,128-240-2365
337,Photobug,delicious,445-776-8941
338,Wikido,howstuffwo,752-348-5094
339,Eazzy,1und1,641-494-8332
340,Topiclounge,bluehost,687-306-4479
341,Skippad,springer,597-851-6232
342,Yotz,1und1,673-641-9565
343,Twitterbridge,edublogs,372-443-8791
344,Demizz,ehow,833-988-3622
345,Skinix,cdc,173-292-8451
346,Yakitri,multiply,534-388-1797
347,Mynte,smh,988-592-0467
348,Dynazzy,imgur,967-583-2463
349,Tekfly,wsj,244-450-8978
350,Tanoodle,ftc,287-791-2016
351,Voolith,dell,325-572-6299
352,Aivee,etsy,799-465-6253
353,Fivebridge,behance,522-126-7661
354,Rooxo,cornell,779-368-9588
355,Avamba,ezineartic,382-324-4354
356,Realbuzz,ocn,482-993-1905
357,Shufflester,deliciousd,924-364-0858
358,Pixope,zimbio,386-414-8585
359,Demizz,clickbank,971-695-5670
360,Voonte,narod,895-130-3651
361,Innojam,plala,377-226-6406
362,Yacero,dagondesig,586-561-9838
363,Layo,utexas,298-157-2595
364,Muxo,php,351-395-1165
365,Zazio,weather,161-660-1669
366,Jabbersphere,elpais,748-606-2638
367,Jabberstorm,spiegel,593-289-7184
368,Linktype,prweb,993-628-5756
369,Podcat,un,200-197-4447
370,Tagchat,omniture,306-948-8846
371,Twitternation,bigcartel,313-249-1211
372,Jabbertype,livejourna,389-216-7901
373,Katz,google,988-665-1670
374,Feedmix,biblegatew,161-895-1300
375,Mymm,fc2,264-861-3192
376,Flipbug,dagondesig,312-331-3793
377,Youtags,taobao,888-940-6775
378,Quaxo,behance,154-751-7456
379,Divanoodle,hc360,628-978-7918
380,Meevee,bigcartel,169-270-1681
381,Eire,time,477-756-2574
382,Topicshots,furl,379-144-7377
383,Katz,cnn,635-367-4266
384,Yamia,furl,163-962-5509
385,Kare,simplemach,273-574-2114
386,Yozio,github,274-454-9818
387,Devcast,icq,600-109-2700
388,Gigashots,multiply,605-761-5950
389,Katz,istockphot,360-274-2777
390,Skiptube,mysql,323-816-0221
391,Realpoint,alexa,770-709-3091
392,Teklist,mit,258-216-5234
393,Twimm,newsvine,932-390-2117
394,Babblestorm,deliciousd,877-596-4544
395,Edgepulse,cmu,923-773-6565
396,Ntag,topsy,150-473-2472
397,Skimia,e-recht24,932-616-3210
398,Rhybox,1688,952-298-4545
399,Zoonder,prlog,903-847-8385
400,Zoonder,yahoo,780-775-1315
401,Yodoo,harvard,567-731-6178
402,Teklist,businesswe,978-414-5484
403,Skinder,weibo,458-193-0642
404,Layo,shinystat,311-881-9784
405,Izio,opensource,675-499-5165
406,Eayo,tiny,678-196-3345
407,Lazzy,narod,903-148-0939
408,Ntag,gravatar,946-944-2239
409,Mydeo,answers,855-569-7720
410,Meeveo,istockphot,551-506-0795
411,Abatz,people,419-259-6501
412,Ntag,ibm,164-693-9696
413,Shufflebeat,census,700-183-7815
414,Jabbertype,huffington,571-571-4113
415,Yambee,xrea,510-380-9803
416,Oyope,cbslocal,701-356-5083
417,Eamia,wikimedia,665-789-1225
418,Flipbug,senate,372-325-7652
419,Rooxo,opera,198-559-9797
420,Linktype,youtube,496-453-0974
421,Realfire,posterous,803-698-6212
422,Oba,mayoclinic,520-936-1225
423,Feedbug,addthis,775-451-0993
424,Innojam,opera,446-631-3947
425,Fivebridge,e-recht24,926-599-3239
426,Feednation,free,881-705-5792
427,Topiclounge,fda,778-913-2159
428,Photojam,irs,567-232-2292
429,Livetube,fema,342-103-9341
430,Gigabox,yahoo,823-612-2939
431,Oyope,blinklist,476-183-0943
432,Dabtype,deliciousd,428-961-8921
433,Trudeo,meetup,443-460-0495
434,Wikizz,phoca,212-873-6054
435,Teklist,rediff,358-169-5201
436,Gabtype,amazonaws,287-326-1758
437,Thoughtblab,opera,607-148-2689
438,Roombo,google,809-594-1441
439,Realblab,walmart,801-562-4145
440,Skiba,reuters,553-550-0565
441,Skajo,ycombinato,847-407-0636
442,Roombo,php,152-792-5479
443,Katz,ucoz,448-310-4975
444,Lazz,stumbleupo,649-377-6971
445,Oyondu,walmart,207-931-5341
446,Trupe,cloudflare,288-723-4373
447,Topicstorm,rediff,290-493-3387
448,Wikizz,google,845-267-9725
449,Trudeo,de,486-549-4908
450,Wikido,mysql,171-698-6160
451,Dynabox,nationalge,734-191-8367
452,Photojam,ebay,991-987-9345
453,Zooveo,fotki,793-572-0812
454,Trilith,scribd,871-353-8868
455,Skyble,sourceforg,822-632-2439
456,Meemm,macromedia,861-701-4104
457,Livefish,cafepress,345-493-5588
458,Edgewire,weebly,811-920-5545
459,Flipopia,altervista,439-615-2867
460,Skidoo,pagesperso,752-796-0172
461,Realbuzz,ox,795-563-9451
462,Wikizz,icq,231-830-3547
463,Fivechat,yale,349-295-6236
464,Zoomdog,hhs,726-703-5401
465,Tazzy,mac,967-734-2558
466,Babbleblab,europa,263-414-5584
467,Tazz,newyorker,981-957-5732
468,Tagopia,answers,407-948-0876
469,Skilith,friendfeed,786-923-1334
470,Rhynyx,icio,835-952-2140
471,Tagfeed,sphinn,156-568-8992
472,Edgepulse,so-net,720-770-4204
473,Devify,spiegel,940-134-7054
474,Twiyo,salon,292-228-6043
475,Chatterbridge,marketwatc,578-761-8022
476,Skyndu,deviantart,200-479-3243
477,Fiveclub,gov,451-459-5467
478,Wikibox,marketwatc,403-332-3811
479,Oyope,livejourna,530-182-7068
480,Livefish,illinois,275-563-5528
481,Oyoloo,pen,355-919-4008
482,Meevee,php,894-697-1449
483,Realcube,ebay,719-697-4428
484,Skinix,disqus,663-370-1206
485,Mybuzz,etsy,151-466-0282
486,Oloo,state,822-540-6461
487,Thoughtworks,army,408-389-7538
488,Leexo,acquirethi,526-691-1559
489,Jabbersphere,ehow,992-847-2271
490,Camido,dell,175-851-6464
491,Realcube,whitehouse,184-303-4302
492,Photospace,telegraph,987-554-0231
493,JumpXS,deliciousd,310-992-8746
494,Browsebug,cisco,530-194-0995
495,Linkbridge,cocolog-ni,973-629-0433
496,Skiptube,usda,929-228-2194
497,Innotype,ted,434-163-0414
498,Riffpedia,blogs,192-565-2081
499,Voonder,cbslocal,589-408-2978
500,Devshare,unblog,614-423-8815
