CustomerID,FirstName,LastName,Email,Phone
1,Nisse,Losty,nlosty0@gov.uk,737-593-7784
2,Marcella,Reagan,mreagan1@wikispaces.com,485-120-4449
3,Madelaine,Sentance,msentance2@creativecommons.org,537-142-7050
4,Alicea,Unwins,aunwins3@icq.com,316-593-2294
5,Idalia,Janatka,ijanatka4@imdb.com,805-858-1622
6,Lyndell,Seden,lseden5@bizjournals.com,720-499-8008
7,Skye,Cuniam,scuniam6@chronoengine.com,999-471-0164
8,Joshua,Sisson,jsisson7@ovh.net,524-333-4975
9,Ximenes,Kilfeder,xkilfeder8@reddit.com,529-467-0394
10,Bibbie,Eastbury,beastbury9@accuweather.com,427-499-0583
11,Ginnie,Duxbarry,gduxbarrya@paginegialle.it,250-966-9000
12,Daryn,Alessandrelli,dalessandrellib@mysql.com,715-606-2834
13,Ellissa,Glasscott,eglasscottc@washingtonpost.com,335-204-6946
14,Barr,Twede,btweded@cnet.com,204-114-3489
15,Jarib,Dytham,jdythame@squarespace.com,560-344-5371
16,Mireille,Amsberger,mamsbergerf@arizona.edu,448-740-2640
17,Norris,Cutriss,ncutrissg@cisco.com,966-858-0049
18,Kaspar,Pepon,kpeponh@bbb.org,712-569-5762
19,Mohammed,Jay,mjayi@berkeley.edu,213-844-1778
20,Deloria,Roth,drothj@upenn.edu,397-758-9179
21,Dru,Sutherden,dsutherdenk@1688.com,693-936-0407
22,Tracey,Growcott,tgrowcottl@ezinearticles.com,839-972-8237
23,Giselle,Hulett,ghulettm@rambler.ru,172-986-5454
24,Keene,McAnellye,kmcanellyen@dyndns.org,427-123-5094
25,Giulietta,Awty,gawtyo@berkeley.edu,631-603-3518
26,Bennie,Rountree,brountreep@rediff.com,325-690-2044
27,Gretel,Flippini,gflippiniq@blinklist.com,552-490-2480
28,Gris,Orrick,gorrickr@google.ca,661-160-2565
29,Koenraad,MacGray,kmacgrays@ameblo.jp,536-182-0297
30,Isacco,Gurry,igurryt@nba.com,286-314-8444
31,Roshelle,Truse,rtruseu@baidu.com,128-904-2194
32,Rheta,Dron,rdronv@nhs.uk,223-130-6545
33,Neale,Papierz,npapierzw@diigo.com,764-613-3243
34,Cassondra,Leggett,cleggettx@com.com,367-126-0909
35,Bartel,Lowseley,blowseleyy@springer.com,147-212-6178
36,Andrej,Keddle,akeddlez@slashdot.org,696-442-7319
37,Ruthi,Dillaway,rdillaway10@nytimes.com,516-992-7952
38,Krispin,May,kmay11@clickbank.net,834-576-7099
39,Sybil,Ballinghall,sballinghall12@symantec.com,647-713-3211
40,Fionna,Butterworth,fbutterworth13@mtv.com,882-107-8803
41,Shell,Boyne,sboyne14@symantec.com,474-934-4934
42,Lucretia,Sisey,lsisey15@examiner.com,750-848-3545
43,Jorge,Bonnett,jbonnett16@miibeian.gov.cn,686-851-2980
44,Shelagh,Cater,scater17@boston.com,792-561-2576
45,Bettina,Memmory,bmemmory18@dailymotion.com,219-912-7472
46,Kennith,Lawrenceson,klawrenceson19@globo.com,153-211-8986
47,Kelli,Isenor,kisenor1a@noaa.gov,294-225-1247
48,Alix,O' Donohoe,aodonohoe1b@squidoo.com,815-222-1791
49,Renae,Pardue,rpardue1c@csmonitor.com,517-850-4483
50,Gunner,Scutt,gscutt1d@youku.com,372-916-5107
51,Ynez,Iacivelli,yiacivelli1e@java.com,198-524-7241
52,Amalia,Softley,asoftley1f@amazon.co.jp,873-183-0491
53,Brandy,Picot,bpicot1g@narod.ru,782-963-6681
54,Jonas,Pynn,jpynn1h@mayoclinic.com,439-306-7777
55,Gifford,Burds,gburds1i@mysql.com,738-795-2304
56,Thibaud,Padberry,tpadberry1j@phoca.cz,145-462-8121
57,Jameson,Haslock,jhaslock1k@technorati.com,252-138-6496
58,Terri,Yegorkin,tyegorkin1l@moonfruit.com,715-874-2938
59,Deborah,Rameau,drameau1m@infoseek.co.jp,799-895-9194
60,Toinette,Gotthard.sf,tgotthardsf1n@vistaprint.com,554-522-7981
61,Alverta,Mansion,amansion1o@virginia.edu,310-611-8644
62,Darill,Fotitt,dfotitt1p@privacy.gov.au,770-438-2761
63,Ida,Mincini,imincini1q@bloglovin.com,762-644-8847
64,Lucilia,Gut,lgut1r@about.com,510-963-2556
65,Rose,Antonio,rantonio1s@fastcompany.com,158-548-8651
66,Frannie,Organer,forganer1t@mapquest.com,559-804-3485
67,Berget,Southway,bsouthway1u@mlb.com,115-557-8760
68,Rourke,Birchenhead,rbirchenhead1v@dailymail.co.uk,127-444-0047
69,Benn,Rottery,brottery1w@ocn.ne.jp,694-506-4668
70,Sidnee,Maynard,smaynard1x@xinhuanet.com,302-952-1725
71,Red,Opdenorth,ropdenorth1y@ebay.com,787-728-6746
72,Shanda,Warde,swarde1z@ustream.tv,537-480-4862
73,Geno,Pollastrino,gpollastrino20@msu.edu,634-599-0370
74,Fancy,Skeemer,fskeemer21@ibm.com,405-651-7228
75,Chloe,McGookin,cmcgookin22@google.pl,508-173-8155
76,Emmet,Dumphreys,edumphreys23@discovery.com,669-674-4838
77,Crichton,Sherred,csherred24@blogger.com,330-339-2213
78,Rufus,Vowell,rvowell25@hc360.com,635-587-7207
79,Karlee,Playford,kplayford26@tinyurl.com,620-601-2894
80,Bron,Denisyev,bdenisyev27@storify.com,374-319-4334
81,Benetta,Galgey,bgalgey28@wufoo.com,984-832-6309
82,Jaimie,Fynan,jfynan29@microsoft.com,186-135-0364
83,Kimbra,Arnaldi,karnaldi2a@github.com,122-244-7335
84,Johnny,Manchester,jmanchester2b@lycos.com,944-156-5937
85,Brianna,Tallquist,btallquist2c@imgur.com,921-687-7387
86,Almeda,Steeden,asteeden2d@dropbox.com,901-234-9099
87,Phillip,Ingleton,pingleton2e@artisteer.com,556-933-2480
88,Sharon,Coweuppe,scoweuppe2f@sohu.com,258-885-1763
89,Giacinta,O'Rourke,gorourke2g@tinyurl.com,322-449-1734
90,Keene,Bane,kbane2h@narod.ru,227-884-6043
91,Agnese,Claisse,aclaisse2i@jigsy.com,362-942-1619
92,Kiele,Shipston,kshipston2j@epa.gov,304-566-9340
93,Loise,Langeley,llangeley2k@timesonline.co.uk,554-246-4998
94,Alicea,Harding,aharding2l@rediff.com,992-963-4088
95,Darrin,Hardman,dhardman2m@flavors.me,263-479-2382
96,Rosabelle,Jahner,rjahner2n@sphinn.com,709-681-3330
97,Lorena,Posselow,lposselow2o@squidoo.com,287-694-8782
98,Sharleen,Harcarse,sharcarse2p@timesonline.co.uk,568-823-4794
99,Silvester,Handsheart,shandsheart2q@networkadvertising.org,748-986-8754
100,Stefania,Plowell,splowell2r@theglobeandmail.com,360-887-9011
101,Adriane,Hinners,ahinners2s@state.tx.us,277-349-1833
102,Jimmie,Blunn,jblunn2t@latimes.com,579-864-8459
103,Davida,Brownsey,dbrownsey2u@infoseek.co.jp,757-902-2856
104,Gwendolen,Stiant,gstiant2v@webs.com,481-257-4496
105,Padriac,Biernat,pbiernat2w@purevolume.com,968-535-3879
106,Alyosha,Piburn,apiburn2x@ucla.edu,702-638-0055
107,Chester,Karlik,ckarlik2y@weibo.com,747-356-1989
108,Freddie,Mil,fmil2z@hugedomains.com,612-430-3831
109,Sharon,Robuchon,srobuchon30@cam.ac.uk,642-324-9467
110,Terrance,Duncklee,tduncklee31@epa.gov,841-126-2818
111,Trstram,Nicely,tnicely32@addtoany.com,904-356-1747
112,Case,Hoffner,choffner33@blogtalkradio.com,993-529-3211
113,Liana,Kilpin,lkilpin34@skype.com,403-672-4467
114,Bentley,Eykelhof,beykelhof35@msu.edu,589-737-3090
115,Thatch,Meddemmen,tmeddemmen36@slate.com,980-614-3176
116,Hyman,Odgers,hodgers37@japanpost.jp,615-275-7096
117,Thoma,Wagg,twagg38@nytimes.com,758-718-6398
118,Anestassia,Barz,abarz39@theguardian.com,766-138-6462
119,Ellswerth,Esterbrook,eesterbrook3a@homestead.com,229-781-5421
120,Deb,Novello,dnovello3b@shutterfly.com,808-961-0391
121,Gertruda,Archibald,garchibald3c@networksolutions.com,270-787-7257
122,Anselm,Killford,akillford3d@cnn.com,569-670-1192
123,Jere,Turmell,jturmell3e@statcounter.com,946-287-9416
124,Georgi,Pargent,gpargent3f@businesswire.com,374-513-0906
125,Shell,Topes,stopes3g@parallels.com,496-106-9492
126,Arch,Ambrozik,aambrozik3h@mapquest.com,682-367-8769
127,Audi,Clayhill,aclayhill3i@sphinn.com,775-936-0348
128,Jody,Clears,jclears3j@imgur.com,371-306-1531
129,Jodie,Sparway,jsparway3k@nasa.gov,387-514-5262
130,Bride,Earwicker,bearwicker3l@samsung.com,686-299-6989
131,Ingeberg,Osboldstone,iosboldstone3m@technorati.com,927-195-6634
132,Lorinda,Daouse,ldaouse3n@amazon.co.jp,621-399-3166
133,Perl,Marriott,pmarriott3o@foxnews.com,341-403-8000
134,Rufe,Tarquinio,rtarquinio3p@ifeng.com,101-223-5136
135,Tammy,Nutting,tnutting3q@facebook.com,660-224-1089
136,Hamlin,Jovicevic,hjovicevic3r@yolasite.com,212-915-0221
137,Lee,Cordero,lcordero3s@wp.com,137-778-4843
138,Cherise,Jeanenet,cjeanenet3t@auda.org.au,805-465-7077
139,Monika,Bream,mbream3u@scribd.com,995-517-9867
140,Frederik,Moan,fmoan3v@edublogs.org,404-267-0748
141,Alonzo,Ethelstone,aethelstone3w@uol.com.br,172-473-7069
142,Maryrose,Grimmolby,mgrimmolby3x@google.co.uk,943-565-0261
143,Carey,Kestian,ckestian3y@cam.ac.uk,375-941-8678
144,Kylen,Geggie,kgeggie3z@baidu.com,786-877-4109
145,Ibby,Whitley,iwhitley40@t-online.de,908-626-4093
146,Aurore,Speers,aspeers41@seesaa.net,621-650-5374
147,Lucilia,Milborn,lmilborn42@lycos.com,945-139-6472
148,Merrilee,Moorcraft,mmoorcraft43@trellian.com,629-220-2076
149,Reginald,O' Cuolahan,rocuolahan44@ning.com,560-640-2260
150,Victoir,Dargan,vdargan45@sciencedaily.com,475-720-4348
151,Reynolds,Roser,rroser46@chronoengine.com,502-745-3849
152,Caril,Celez,ccelez47@cmu.edu,155-834-9141
153,Leonid,Greystoke,lgreystoke48@tamu.edu,245-687-1516
154,Bethanne,Yakunin,byakunin49@springer.com,894-109-2682
155,Court,Burnhard,cburnhard4a@sbwire.com,642-728-1841
156,Nathanil,Tegler,ntegler4b@gravatar.com,184-314-5323
157,Emory,Besant,ebesant4c@flickr.com,850-910-8631
158,Shalom,Taig,staig4d@cafepress.com,497-981-9165
159,Vinnie,Sillitoe,vsillitoe4e@feedburner.com,901-100-2428
160,Skippie,Cruft,scruft4f@epa.gov,768-533-1383
161,Cherri,Charlton,ccharlton4g@topsy.com,632-574-0935
162,Husain,Jeacock,hjeacock4h@flavors.me,263-668-0690
163,Lotti,Rawlence,lrawlence4i@hp.com,912-739-2351
164,Marie-ann,Loos,mloos4j@engadget.com,565-734-3986
165,Rachelle,Harrowing,rharrowing4k@state.gov,119-887-4741
166,Ingmar,Howlett,ihowlett4l@nydailynews.com,574-529-5325
167,Andres,Serrell,aserrell4m@networksolutions.com,510-707-5538
168,Yvon,Batie,ybatie4n@scientificamerican.com,151-639-1851
169,Audi,Port,aport4o@privacy.gov.au,224-202-8737
170,Alexia,Vial,avial4p@howstuffworks.com,163-351-4636
171,Chaunce,Conradsen,cconradsen4q@bizjournals.com,555-810-1203
172,Milissent,Northway,mnorthway4r@rediff.com,678-468-8547
173,Donall,Maletratt,dmaletratt4s@tripadvisor.com,634-608-5002
174,Bernardo,Dunkinson,bdunkinson4t@is.gd,228-971-5804
175,Maura,Brabin,mbrabin4u@deliciousdays.com,152-234-0076
176,Lucais,Shackel,lshackel4v@yellowbook.com,743-562-2819
177,Davidde,Cymper,dcymper4w@msu.edu,290-503-5795
178,Demetrius,Feldhammer,dfeldhammer4x@newsvine.com,482-228-8437
179,Weylin,Dymidowicz,wdymidowicz4y@fema.gov,424-306-8579
180,Aylmer,Persicke,apersicke4z@arizona.edu,104-143-4138
181,Romonda,Velden,rvelden50@paginegialle.it,650-518-6254
182,Yorker,Romera,yromera51@bloglovin.com,655-989-3150
183,Maurine,Shenton,mshenton52@photobucket.com,374-326-0342
184,Glenda,Croan,gcroan53@wordpress.org,458-850-4378
185,Callie,Hagyard,chagyard54@paginegialle.it,813-486-1811
186,Sunny,Jeanneau,sjeanneau55@nyu.edu,449-925-9651
187,Conrad,Magenny,cmagenny56@auda.org.au,274-896-9583
188,Else,Garstang,egarstang57@vimeo.com,943-655-7864
189,Sula,Marques,smarques58@mysql.com,524-216-0133
190,Devondra,Playfair,dplayfair59@zdnet.com,384-929-6460
191,Thaddeus,Grimm,tgrimm5a@nationalgeographic.com,911-924-2825
192,Orelee,Le Fleming,olefleming5b@hc360.com,421-906-2051
193,Marsiella,Houlden,mhoulden5c@jugem.jp,458-480-4982
194,Kele,Ivkovic,kivkovic5d@feedburner.com,674-149-0922
195,Theodosia,Forrestall,tforrestall5e@surveymonkey.com,615-136-0515
196,Marvin,Roset,mroset5f@ehow.com,852-888-0994
197,Winston,Abramzon,wabramzon5g@dedecms.com,479-556-0372
198,Skipton,Keary,skeary5h@godaddy.com,497-992-7901
199,Hy,Cock,hcock5i@gmpg.org,891-310-1218
200,Samara,Orr,sorr5j@dropbox.com,696-930-8552
201,Trudi,Dmych,tdmych5k@wp.com,854-336-8847
202,Christoffer,Leband,cleband5l@kickstarter.com,287-954-6086
203,Simone,Epsley,sepsley5m@elegantthemes.com,872-556-5253
204,Artemis,Pignon,apignon5n@slashdot.org,589-426-8975
205,Randolph,Manclark,rmanclark5o@clickbank.net,527-279-0226
206,Borden,McKeaveney,bmckeaveney5p@uiuc.edu,936-726-8125
207,Adriana,Housbey,ahousbey5q@theglobeandmail.com,665-441-2140
208,Cale,McWhirter,cmcwhirter5r@slate.com,757-200-0226
209,Cloe,Snare,csnare5s@europa.eu,614-709-2164
210,Corry,Gorbell,cgorbell5t@state.gov,763-101-1471
211,Dreddy,Bamford,dbamford5u@flickr.com,227-140-0048
212,Heath,Hedau,hhedau5v@webnode.com,807-334-3340
213,Sallyann,Gregory,sgregory5w@devhub.com,806-596-8876
214,Lannie,Cowterd,lcowterd5x@squarespace.com,188-750-7513
215,Shay,Frape,sfrape5y@yahoo.com,290-471-2763
216,Waylon,Malia,wmalia5z@soup.io,678-192-0486
217,Christine,Beeching,cbeeching60@bbb.org,600-329-8565
218,Heriberto,Hetterich,hhetterich61@shutterfly.com,420-307-7710
219,Aliza,Barradell,abarradell62@shinystat.com,736-254-9174
220,Dennie,Arnison,darnison63@1und1.de,137-655-6989
221,Merci,Pinnell,mpinnell64@icio.us,483-859-9978
222,Jan,Venes,jvenes65@kickstarter.com,977-197-1888
223,Prent,Hobbing,phobbing66@answers.com,855-960-7602
224,Florenza,Di Bernardo,fdibernardo67@reddit.com,788-931-4953
225,Yolanthe,Dowty,ydowty68@harvard.edu,801-309-4056
226,Barny,Arnold,barnold69@ibm.com,527-750-5077
227,Alistair,Cherry Holme,acherryholme6a@hibu.com,384-809-7088
228,Paige,Liddard,pliddard6b@quantcast.com,357-886-1431
229,Florentia,Cosson,fcosson6c@reference.com,814-408-8051
230,Warde,Westnage,wwestnage6d@disqus.com,967-531-4107
231,Ferdinanda,Farryn,ffarryn6e@woothemes.com,140-521-2086
232,Martin,Cockshot,mcockshot6f@webmd.com,706-261-3414
233,Allys,Tyne,atyne6g@domainmarket.com,161-712-0129
234,Zacherie,Coche,zcoche6h@ameblo.jp,991-152-2019
235,Angelico,Pizzie,apizzie6i@wp.com,951-401-5622
236,Northrup,Axell,naxell6j@wordpress.org,224-677-3212
237,Hulda,Coiley,hcoiley6k@yandex.ru,656-611-3628
238,Devy,Rubroe,drubroe6l@aol.com,562-176-5127
239,Luce,Firsby,lfirsby6m@arstechnica.com,533-329-1115
240,Leah,Dadge,ldadge6n@lulu.com,342-192-9896
241,Dom,Cadge,dcadge6o@dot.gov,265-472-4569
242,Robinetta,Jeenes,rjeenes6p@google.nl,456-405-9644
243,Trisha,Shirlaw,tshirlaw6q@ted.com,518-849-7620
244,Jorry,Brearton,jbrearton6r@geocities.com,563-889-7170
245,Bertine,Kalisz,bkalisz6s@comsenz.com,225-831-4559
246,Petey,Symon,psymon6t@sun.com,545-530-4958
247,Jeanne,Tabb,jtabb6u@newsvine.com,407-158-4939
248,Katharine,Scolts,kscolts6v@cbc.ca,302-123-1011
249,Aretha,Jermyn,ajermyn6w@creativecommons.org,137-328-3183
250,Taite,Wilstead,twilstead6x@addthis.com,470-573-4245
251,Ellette,Rahill,erahill6y@psu.edu,342-669-1725
252,Burnard,Brislan,bbrislan6z@ezinearticles.com,157-816-4904
253,Batsheva,Greig,bgreig70@ibm.com,626-656-3154
254,Ax,Scotsbrook,ascotsbrook71@studiopress.com,543-234-7804
255,Lammond,Dmitrovic,ldmitrovic72@tumblr.com,847-642-2895
256,Kelcy,Scimone,kscimone73@squidoo.com,872-881-5899
257,Clarance,McFaell,cmcfaell74@cafepress.com,713-930-1169
258,Raynell,Wardhaw,rwardhaw75@nationalgeographic.com,573-357-6793
259,Che,Vaune,cvaune76@comcast.net,561-920-2700
260,Lon,Schlagtmans,lschlagtmans77@prnewswire.com,828-116-9735
261,Neron,Tuck,ntuck78@google.pl,282-160-8542
262,Rickie,Speight,rspeight79@reuters.com,182-275-1520
263,Reeba,Frier,rfrier7a@hostgator.com,477-553-1541
264,Giffy,Falkner,gfalkner7b@reddit.com,131-211-6785
265,Anallese,Van den Hof,avandenhof7c@digg.com,383-993-5530
266,Nikoletta,Gwinnel,ngwinnel7d@example.com,531-820-6685
267,Kahlil,Heighway,kheighway7e@skype.com,707-865-6409
268,Waly,Moult,wmoult7f@marriott.com,264-516-0346
269,Caroline,Heffy,cheffy7g@zimbio.com,729-992-8596
270,Nikaniki,Joplin,njoplin7h@nasa.gov,806-610-0945
271,Katy,Huccaby,khuccaby7i@delicious.com,618-247-0345
272,Meta,Messer,mmesser7j@sciencedaily.com,565-803-2333
273,Terri,Everit,teverit7k@networkadvertising.org,312-134-2967
274,Prentice,Stetson,pstetson7l@tiny.cc,270-156-2045
275,Yevette,Izakof,yizakof7m@state.tx.us,256-688-4887
276,Friedrick,Tather,ftather7n@mysql.com,653-594-9741
277,Gerry,Fulun,gfulun7o@apache.org,683-906-5173
278,Batsheva,Halfhide,bhalfhide7p@google.ca,196-203-7888
279,Cecil,Sygroves,csygroves7q@sfgate.com,569-795-1164
280,Philip,Coldbreath,pcoldbreath7r@washingtonpost.com,563-227-7913
281,Cathryn,Snodden,csnodden7s@feedburner.com,431-180-4683
282,Lilith,Baudoux,lbaudoux7t@github.io,629-668-3924
283,Garwood,Anselm,ganselm7u@last.fm,605-292-1061
284,Frasco,Beteriss,fbeteriss7v@so-net.ne.jp,115-739-3522
285,Elvyn,MacCumiskey,emaccumiskey7w@cargocollective.com,794-175-0420
286,Carma,Fredson,cfredson7x@washingtonpost.com,995-682-9978
287,Worth,Seven,wseven7y@mysql.com,393-425-4049
288,Arabela,Hanaford,ahanaford7z@weather.com,811-855-2571
289,Ralina,Symcoxe,rsymcoxe80@indiegogo.com,464-406-3908
290,Izak,Rivard,irivard81@wunderground.com,262-600-2609
291,Morrie,Canadas,mcanadas82@cpanel.net,758-125-0119
292,Melvin,Sowerby,msowerby83@phpbb.com,774-394-8091
293,Juliana,Fricke,jfricke84@forbes.com,277-434-8448
294,Pearl,Peyton,ppeyton85@arizona.edu,980-981-2577
295,Evanne,Finan,efinan86@time.com,959-919-1466
296,Mercie,Yankeev,myankeev87@dyndns.org,499-358-9584
297,Mufinella,Growy,mgrowy88@cnn.com,212-349-6929
298,Filippo,Le Strange,flestrange89@mac.com,145-228-0545
299,Mathilda,Insull,minsull8a@networksolutions.com,281-727-2481
300,Antoinette,Drynan,adrynan8b@hhs.gov,431-254-7749
301,Field,Gritskov,fgritskov8c@oakley.com,372-754-3814
302,Ainsley,OIlier,aoilier8d@goo.ne.jp,782-212-9671
303,Karoly,Bicksteth,kbicksteth8e@yale.edu,961-691-6805
304,Gypsy,Fannin,gfannin8f@etsy.com,643-889-4591
305,Phil,Harm,pharm8g@alibaba.com,932-435-1955
306,Ashlee,Izzett,aizzett8h@ustream.tv,851-688-9414
307,Billye,Eyes,beyes8i@gov.uk,260-342-3451
308,Nikolaus,De Matteis,ndematteis8j@bigcartel.com,276-800-9510
309,Jennie,Hebbron,jhebbron8k@nih.gov,779-474-8096
310,Oralia,Jeffreys,ojeffreys8l@weather.com,770-127-8865
311,Artemis,Babidge,ababidge8m@examiner.com,271-968-5669
312,Ulysses,Riddel,uriddel8n@soundcloud.com,511-130-7610
313,Carver,Coster,ccoster8o@mozilla.com,535-492-7278
314,Aggi,Canet,acanet8p@jimdo.com,139-691-2061
315,Louise,Eliot,leliot8q@meetup.com,601-852-7340
316,Jedediah,Kail,jkail8r@wikimedia.org,994-842-1797
317,Clifford,Bapty,cbapty8s@flickr.com,434-998-3553
318,Benedicta,Harbage,bharbage8t@theatlantic.com,133-113-9453
319,Torrie,Leven,tleven8u@smh.com.au,748-892-4764
320,Flossie,Bulger,fbulger8v@jimdo.com,794-398-1200
321,Novelia,Pitrollo,npitrollo8w@slideshare.net,232-992-0835
322,Tildi,Brewett,tbrewett8x@google.pl,650-429-4201
323,Jermayne,Allum,jallum8y@barnesandnoble.com,849-265-1276
324,Ignazio,Darque,idarque8z@moonfruit.com,758-785-1884
325,Beverlie,Culmer,bculmer90@dot.gov,473-227-1235
326,Stillmann,Seccombe,sseccombe91@bbc.co.uk,564-649-7303
327,Domingo,Harrap,dharrap92@google.nl,507-793-9186
328,Abramo,Riddeough,ariddeough93@marriott.com,922-284-5030
329,Federica,Wederell,fwederell94@kickstarter.com,592-136-9373
330,Val,Briston,vbriston95@army.mil,841-387-5848
331,Silvanus,Pedro,spedro96@yale.edu,677-765-6730
332,Bondon,Wherrett,bwherrett97@about.me,636-812-9272
333,Fiann,Murcutt,fmurcutt98@about.me,894-108-1707
334,Saunderson,Roney,sroney99@google.de,359-754-2591
335,Flem,Tamsett,ftamsett9a@reverbnation.com,709-178-6814
336,Traver,Wettern,twettern9b@merriam-webster.com,334-263-6331
337,Gerhardine,Barneville,gbarneville9c@plala.or.jp,308-381-5870
338,Keir,Kerrich,kkerrich9d@fema.gov,256-920-3343
339,Rosette,Siney,rsiney9e@elpais.com,701-909-6880
340,Tannie,McKinley,tmckinley9f@oakley.com,188-163-4618
341,Mahmoud,Raiker,mraiker9g@spotify.com,148-828-8149
342,Tait,Braznell,tbraznell9h@pagesperso-orange.fr,987-781-1095
343,Hugo,Muscat,hmuscat9i@tiny.cc,873-520-5519
344,Guntar,Greenland,ggreenland9j@dedecms.com,465-553-3737
345,Danny,Appleby,dappleby9k@ezinearticles.com,737-643-9543
346,Cacilie,Fonquernie,cfonquernie9l@jigsy.com,429-742-0530
347,Imelda,Norvill,inorvill9m@wsj.com,889-162-4458
348,Neils,Brightman,nbrightman9n@google.pl,867-389-2483
349,Claire,Desborough,cdesborough9o@sphinn.com,667-722-1498
350,Dasha,Hestrop,dhestrop9p@sciencedirect.com,531-276-5707
351,Lesley,Vaudin,lvaudin9q@redcross.org,680-107-9885
352,Valeda,Pester,vpester9r@dmoz.org,182-621-3682
353,Sabina,Goddard,sgoddard9s@vimeo.com,802-432-8400
354,Luca,Dudliston,ldudliston9t@purevolume.com,289-930-9950
355,Shaine,Taggett,staggett9u@nifty.com,319-427-4005
356,Peta,Anstiss,panstiss9v@instagram.com,693-624-6199
357,Nicoli,Leglise,nleglise9w@blogtalkradio.com,814-562-9415
358,Emmerich,Lucien,elucien9x@sfgate.com,416-896-0830
359,Filide,De Fraine,fdefraine9y@ow.ly,411-596-7191
360,Simona,Dauber,sdauber9z@bluehost.com,107-705-7092
361,Austen,Halsey,ahalseya0@theatlantic.com,312-517-6873
362,Kalinda,Littlepage,klittlepagea1@reddit.com,613-570-1583
363,Sibel,Moy,smoya2@fema.gov,549-955-5446
364,Veronike,Sanches,vsanchesa3@google.es,328-497-8602
365,Gabriel,Kerby,gkerbya4@army.mil,340-447-8709
366,Olivero,Jenicek,ojeniceka5@sohu.com,583-245-9571
367,Kaspar,Oddy,koddya6@cbslocal.com,805-278-2268
368,Temple,Geekin,tgeekina7@is.gd,946-556-1030
369,Christoforo,Thredder,cthreddera8@e-recht24.de,603-192-7453
370,Waylen,Neilly,wneillya9@cnn.com,247-194-2242
371,Quinta,Holworth,qholworthaa@squidoo.com,185-813-7678
372,Zenia,McPhee,zmcpheeab@amazon.co.uk,216-180-1616
373,Worthy,Frowde,wfrowdeac@va.gov,712-574-5066
374,Brooks,Ansty,banstyad@sciencedirect.com,100-651-6648
375,Harley,Charker,hcharkerae@tiny.cc,140-553-9132
376,Clara,Threader,cthreaderaf@who.int,847-205-1430
377,Van,Sabbatier,vsabbatierag@sfgate.com,969-357-5339
378,Cybill,Willson,cwillsonah@shareasale.com,279-622-9892
379,Delinda,Galton,dgaltonai@hp.com,290-178-6454
380,Cortie,Santoro,csantoroaj@yolasite.com,472-677-2052
381,Ruperto,Momford,rmomfordak@discuz.net,755-174-7799
382,Marylin,Athridge,mathridgeal@cloudflare.com,780-985-8935
383,Hamid,Pummery,hpummeryam@1und1.de,241-291-6916
384,Edith,Dreger,edregeran@icq.com,172-370-0829
385,Alys,Vicary,avicaryao@barnesandnoble.com,379-157-5600
386,Cari,Waldram,cwaldramap@java.com,899-521-5044
387,Gael,Devlin,gdevlinaq@who.int,680-636-2403
388,Dani,Letchford,dletchfordar@networksolutions.com,996-527-6750
389,Ken,Eyden,keydenas@arizona.edu,471-572-6826
390,Kamila,McGuggy,kmcguggyat@rambler.ru,412-526-0277
391,Evie,Hardington,ehardingtonau@dailymotion.com,783-193-4287
392,Salli,Itzcovichch,sitzcovichchav@redcross.org,371-590-1438
393,Violetta,Snedden,vsneddenaw@amazon.co.jp,293-988-3942
394,Haywood,Salmon,hsalmonax@yellowbook.com,687-329-5322
395,Cordie,Rehme,crehmeay@vistaprint.com,107-603-2476
396,Gavin,Pauwel,gpauwelaz@reddit.com,214-313-8284
397,John,Ceci,jcecib0@quantcast.com,878-765-8866
398,Eachelle,Allender,eallenderb1@java.com,643-311-7110
399,Riki,Fincham,rfinchamb2@yahoo.com,640-301-0952
400,Sonnie,Ferraraccio,sferraracciob3@amazon.de,651-793-8350
401,Sheree,Szantho,sszanthob4@fema.gov,165-622-8237
402,Francyne,Rosenfarb,frosenfarbb5@technorati.com,938-437-8860
403,Joanna,Ketch,jketchb6@berkeley.edu,366-410-6522
404,Dyann,Slegg,dsleggb7@ucoz.com,196-475-8126
405,Tessy,Mosdall,tmosdallb8@mapy.cz,159-583-2742
406,Kaitlynn,Braddick,kbraddickb9@discovery.com,372-372-8538
407,Linc,Maypowder,lmaypowderba@gizmodo.com,818-874-5558
408,Vidovic,FitzGibbon,vfitzgibbonbb@sciencedirect.com,949-662-4525
409,Karyl,Kensington,kkensingtonbc@odnoklassniki.ru,592-565-7232
410,Durant,Lumsdale,dlumsdalebd@gravatar.com,372-523-5335
411,Franciska,Killick,fkillickbe@squidoo.com,417-211-2627
412,Lacie,Weald,lwealdbf@dell.com,949-631-5124
413,Dory,Tavener,dtavenerbg@over-blog.com,672-374-6099
414,Codi,Ghiroldi,cghiroldibh@virginia.edu,665-200-6749
415,Mallorie,Rylstone,mrylstonebi@elegantthemes.com,324-781-6474
416,Randal,Kettlestringes,rkettlestringesbj@marriott.com,350-362-6672
417,Delila,Bergstram,dbergstrambk@nationalgeographic.com,644-298-8969
418,Robby,Harnett,rharnettbl@google.cn,358-363-5033
419,Yurik,Stitt,ystittbm@furl.net,745-345-6646
420,Mersey,Kennelly,mkennellybn@thetimes.co.uk,419-839-7379
421,Corbett,Egan,ceganbo@github.io,359-197-3689
422,Wain,Pottie,wpottiebp@scientificamerican.com,562-298-7612
423,Ximenes,Wetheril,xwetherilbq@smh.com.au,109-263-9513
424,Laurena,Heatley,lheatleybr@dropbox.com,426-597-8115
425,Fanechka,Caddan,fcaddanbs@dmoz.org,652-449-3420
426,Zonda,Eves,zevesbt@yolasite.com,271-433-5726
427,Katee,Twells,ktwellsbu@mashable.com,801-344-9443
428,Lion,Douris,ldourisbv@springer.com,327-300-8715
429,Minerva,Gaenor,mgaenorbw@census.gov,654-370-5578
430,Gayel,Oake,goakebx@examiner.com,581-608-0060
431,Estella,Pavolillo,epavolilloby@mac.com,843-772-5467
432,Cyril,Noir,cnoirbz@reverbnation.com,923-554-5875
433,Marcello,Riggoll,mriggollc0@oaic.gov.au,504-108-4145
434,Bentley,Caulket,bcaulketc1@omniture.com,550-993-5777
435,Michal,MacCallum,mmaccallumc2@usgs.gov,448-234-0897
436,Ole,Tremeer,otremeerc3@google.cn,880-102-8190
437,Tina,Livingston,tlivingstonc4@unc.edu,872-748-5221
438,Ranee,O'Shiels,roshielsc5@hatena.ne.jp,959-903-8782
439,Aurilia,Dell'Abbate,adellabbatec6@statcounter.com,277-815-1362
440,Kesley,Hanselman,khanselmanc7@sakura.ne.jp,970-847-1857
441,Alida,Capey,acapeyc8@boston.com,259-960-1580
442,Matthiew,Advani,madvanic9@hao123.com,242-857-4476
443,Cornelia,Gallo,cgalloca@huffingtonpost.com,943-910-9384
444,Genevra,Rosenwald,grosenwaldcb@jigsy.com,292-409-4024
445,Cammy,Butt,cbuttcc@bing.com,538-764-3824
446,Carlin,Aylen,caylencd@studiopress.com,771-235-4594
447,Danya,O'Hearn,dohearnce@reddit.com,972-847-0926
448,Sunny,MacSween,smacsweencf@foxnews.com,313-449-1922
449,Josee,Cutmere,jcutmerecg@shop-pro.jp,711-326-8408
450,Cati,Gauvain,cgauvainch@list-manage.com,124-283-2390
451,Charmion,Shaul,cshaulci@nymag.com,439-218-2708
452,Gerri,Glencrosche,gglencroschecj@sina.com.cn,611-485-4960
453,Shawna,Bosman,sbosmanck@jigsy.com,471-567-7545
454,Rozella,Osbidston,rosbidstoncl@joomla.org,186-502-3810
455,Hobie,Dew,hdewcm@mozilla.com,382-911-0135
456,Pearce,Skelhorn,pskelhorncn@t-online.de,523-506-2264
457,Allyce,Gotthard,agotthardco@umich.edu,955-802-9778
458,Krista,Spurret,kspurretcp@jalbum.net,661-621-9366
459,Ailis,Warrington,awarringtoncq@spotify.com,975-509-3808
460,Urbano,Brane,ubranecr@arizona.edu,911-917-7087
461,Arthur,Sheilds,asheildscs@delicious.com,374-514-8205
462,Prinz,Pendrid,ppendridct@latimes.com,264-759-1105
463,Lizbeth,Fontell,lfontellcu@networksolutions.com,202-252-9911
464,Angel,Leyre,aleyrecv@washington.edu,911-296-4723
465,Lolita,Petroselli,lpetrosellicw@ezinearticles.com,376-680-7888
466,Weber,Buesnel,wbuesnelcx@un.org,813-958-4115
467,Kathryn,Gyurkovics,kgyurkovicscy@themeforest.net,542-570-2991
468,Happy,Overal,hoveralcz@scribd.com,832-262-5033
469,Cicily,Blackburn,cblackburnd0@bigcartel.com,729-614-5370
470,Diane-marie,Janisson,djanissond1@boston.com,915-588-3742
471,Jake,Goulthorp,jgoulthorpd2@google.fr,584-500-8196
472,Fredericka,McAleese,fmcaleesed3@163.com,262-977-9750
473,Tirrell,Hintze,thintzed4@disqus.com,986-161-2195
474,Kane,Lohrensen,klohrensend5@reuters.com,274-762-0910
475,Rodie,Newham,rnewhamd6@msu.edu,895-208-7340
476,Dwain,Railton,drailtond7@slashdot.org,198-810-9518
477,Deina,Brenard,dbrenardd8@spotify.com,464-291-4312
478,Beverly,Faulder,bfaulderd9@cisco.com,488-844-3406
479,Klarrisa,Klaff,kklaffda@springer.com,600-288-5268
480,Mommy,Bawden,mbawdendb@upenn.edu,562-284-8139
481,Rutger,Vlasyuk,rvlasyukdc@nature.com,246-656-6142
482,Rich,Grise,rgrisedd@timesonline.co.uk,741-512-7540
483,Mordecai,Defond,mdefondde@yellowbook.com,480-424-9494
484,Ola,Suggett,osuggettdf@ameblo.jp,939-729-6111
485,Ellwood,Knok,eknokdg@nsw.gov.au,241-951-8598
486,Lance,Pigeon,lpigeondh@slashdot.org,780-448-5645
487,Tomasine,Compson,tcompsondi@yahoo.co.jp,335-491-1019
488,Talbert,Mechell,tmechelldj@zimbio.com,853-337-8097
489,Frederic,Brandi,fbrandidk@gravatar.com,393-811-7410
490,Rourke,Adamiec,radamiecdl@google.com,843-990-6618
491,Vance,Arnaudin,varnaudindm@nhs.uk,246-221-5194
492,Berenice,Piscot,bpiscotdn@netscape.com,669-545-7868
493,Garner,Caverhill,gcaverhilldo@irs.gov,206-897-8989
494,Jimmie,Hebden,jhebdendp@google.es,976-235-1000
495,Betteann,Barkly,bbarklydq@globo.com,514-260-9001
496,Jamie,Simonato,jsimonatodr@tripadvisor.com,361-429-6072
497,Chase,Lamberteschi,clamberteschids@infoseek.co.jp,253-505-4701
498,Beret,Gabbidon,bgabbidondt@deviantart.com,534-241-3493
499,Teddy,Vallentin,tvallentindu@discuz.net,380-973-2897
500,Xenia,Boffin,xboffindv@blinklist.com,556-749-8261
