EmployeeID,FirstName,LastName,Role,HireDate,WarehouseID
1,Glyn,Ascrofte,Design Engineer,2025-07-22,1
2,Norah,Heggie,VP Product Management,2025-05-05,2
3,Troy,Testin,Software Engineer IV,2025-09-30,3
4,Aubrie,Durning,Teacher,2025-08-03,4
5,Kiersten,Nolton,Desktop Support Technician,2025-10-28,5
6,Zorah,Packham,Financial Advisor,2025-09-01,6
7,Sheelagh,Vanyashkin,Librarian,2025-09-24,7
8,Alikee,Orfeur,Legal Assistant,2025-07-17,8
9,Jamill,Lerhinan,Speech Pathologist,2025-11-16,9
10,Yvette,Deverson,Web Designer IV,2026-02-26,10
11,Von,Stollwerk,Community Outreach Specialist,2026-01-11,11
12,Sauveur,Treleven,Assistant Manager,2025-05-10,12
13,Silvano,Flieg,Accounting Assistant I,2025-08-26,13
14,Carlen,Trenholm,Programmer Analyst III,2026-01-17,14
15,Maxi,Roylance,Developer III,2025-05-04,15
16,Willyt,Carlino,VP Sales,2026-02-03,16
17,Virginie,Beller,Executive Secretary,2026-02-08,17
18,Willy,Murrow,Electrical Engineer,2025-11-12,18
19,De,Antat,Human Resources Manager,2025-09-02,19
20,Findley,Dionisii,Product Engineer,2025-03-30,20
21,Waly,Dayce,Web Developer II,2025-09-09,21
22,Martina,Hourigan,Research Assistant II,2025-06-16,22
23,Webb,Crossland,Software Test Engineer II,2026-01-20,23
24,Jobi,Lorent,Electrical Engineer,2026-03-09,24
25,Chloris,Maylam,Project Manager,2025-05-13,25
26,Bendite,Heustice,Associate Professor,2025-11-29,26
27,Lodovico,O'Doherty,Office Assistant II,2026-01-15,27
28,Piper,McBrearty,Geologist III,2025-03-26,28
29,Ida,De la Yglesia,Account Executive,2025-05-06,29
30,Clem,Cartmael,Research Associate,2025-09-12,30
31,Ara,Dimitriades,Account Executive,2025-10-15,31
32,Greg,Stears,Help Desk Operator,2025-05-06,32
33,Avis,Pladen,Web Developer II,2025-08-12,33
34,Elysia,Whickman,Web Designer III,2025-10-29,34
35,Martainn,Hunnicutt,Web Developer II,2025-08-11,35
36,Lolita,Mewitt,Marketing Assistant,2025-05-17,36
37,Murvyn,Gepp,Senior Developer,2025-12-22,37
38,Bryon,Binning,Financial Advisor,2025-10-06,38
39,Adams,Savine,Accounting Assistant II,2025-03-18,39
40,Rhetta,O'Gaven,Mechanical Systems Engineer,2025-09-03,40
41,Pooh,Cobleigh,Senior Editor,2025-06-02,41
42,Carlita,Ivie,Accountant II,2025-10-12,42
43,Nikos,Gronaver,Assistant Professor,2025-11-20,43
44,Babbie,Rubenov,Technical Writer,2025-07-07,44
45,Crin,Ramsier,GIS Technical Architect,2026-02-25,45
46,Robina,Hagyard,Financial Advisor,2025-06-22,46
47,Ax,Duckfield,Programmer I,2025-12-24,47
48,Bernette,Gallard,Mechanical Systems Engineer,2025-12-25,48
49,Haleigh,Pidgley,Human Resources Assistant III,2026-02-02,49
50,Justina,MacWilliam,Structural Engineer,2026-03-02,50
51,Trudi,Garn,Budget/Accounting Analyst I,2025-11-17,51
52,Tony,Lubeck,Staff Accountant II,2025-05-15,52
53,Marcello,Dibley,Web Developer II,2026-02-02,53
54,Quent,Estevez,Senior Quality Engineer,2025-08-03,54
55,Kerwinn,Sudddard,Human Resources Assistant I,2026-01-25,55
56,Wadsworth,Simpole,Marketing Manager,2025-08-30,56
57,Emmalynn,Edkins,Senior Editor,2025-04-16,57
58,Jesse,Klulik,Project Manager,2026-02-04,58
59,Tobey,Roumier,Software Test Engineer IV,2025-06-23,59
60,Malva,Sewell,Nurse Practicioner,2025-03-28,60
61,Charlotte,Bursell,VP Quality Control,2025-07-11,61
62,Cal,Miebes,Geological Engineer,2026-01-21,62
63,Olivier,Skirving,Dental Hygienist,2025-09-05,63
64,Thomas,Chason,Analyst Programmer,2026-01-08,64
65,Karia,Rubinsztein,Structural Analysis Engineer,2025-09-15,65
66,Romola,Cornier,General Manager,2025-06-17,66
67,Edik,Capitano,Mechanical Systems Engineer,2026-02-06,67
68,Vanny,Matusov,Librarian,2025-08-23,68
69,Fremont,Rosenhaupt,Quality Engineer,2025-04-08,69
70,Basile,Stookes,Cost Accountant,2025-04-01,70
71,Danella,Roscow,Professor,2026-02-24,71
72,Kirbee,Biggins,Chemical Engineer,2026-01-18,72
73,Iorgos,Petrashov,Senior Editor,2025-04-02,73
74,Melisenda,Viccars,Office Assistant III,2025-08-16,74
75,Dara,Rosentholer,Media Manager III,2025-08-30,75
76,Jakob,Souter,Senior Sales Associate,2025-09-19,76
77,Rurik,Blacket,Senior Cost Accountant,2025-06-02,77
78,Mateo,McNelly,Nuclear Power Engineer,2025-03-22,78
79,Elsi,Ference,Editor,2025-08-20,79
80,Bary,Lambarth,Budget/Accounting Analyst I,2025-10-15,80
81,Cindra,Precious,Librarian,2025-12-15,81
82,Dominique,Breeder,Mechanical Systems Engineer,2025-04-29,82
83,Kayne,Kensit,Senior Cost Accountant,2026-02-14,83
84,Kassia,Woodman,Programmer Analyst III,2026-01-08,84
85,Wyn,Dillon,VP Accounting,2026-03-12,85
86,Reider,Leborgne,Electrical Engineer,2025-04-02,86
87,Rab,Castellaccio,Computer Systems Analyst I,2025-11-24,87
88,Nikos,Sive,Legal Assistant,2025-11-12,88
89,Delbert,Gillino,Assistant Professor,2025-12-02,89
90,Mae,Tredget,Information Systems Manager,2025-04-21,90
91,Marlowe,Summerell,Administrative Assistant II,2025-11-18,91
92,Gisella,Habercham,Office Assistant I,2025-05-14,92
93,Leyla,Parkhouse,Executive Secretary,2025-08-13,93
94,Jameson,Sydenham,Software Engineer I,2025-04-17,94
95,Shurlocke,Giercke,Occupational Therapist,2025-04-21,95
96,Alard,Monro,Mechanical Systems Engineer,2025-09-08,96
97,Creigh,O'Boyle,Structural Engineer,2025-08-11,97
98,Agna,Francescone,Office Assistant I,2025-04-21,98
99,Hendrik,La Batie,Human Resources Manager,2025-12-19,99
100,Lauraine,Vittel,Accountant IV,2025-04-23,100
101,Happy,Leiden,Geological Engineer,2025-08-29,101
102,Mavra,Phippen,Associate Professor,2025-04-03,102
103,Cosme,Toderbrugge,Human Resources Manager,2025-06-30,103
104,Melli,Aspinal,Actuary,2025-09-15,104
105,Marie-ann,Culpan,Senior Quality Engineer,2026-02-24,105
106,Trixie,Makin,Junior Executive,2026-02-07,106
107,Birch,Manna,Administrative Officer,2025-11-19,107
108,Lawrence,Chettle,Marketing Manager,2025-12-30,108
109,Andonis,Morten,Recruiter,2025-06-07,109
110,Jackelyn,Hattrick,Structural Analysis Engineer,2025-06-11,110
111,Benoit,Scolding,Community Outreach Specialist,2025-09-07,111
112,Bink,Shatliff,Programmer Analyst IV,2025-03-28,112
113,Ashil,Easby,Paralegal,2025-09-03,113
114,Gabie,Matusovsky,Compensation Analyst,2025-07-25,114
115,Avictor,Grishanin,Compensation Analyst,2026-01-08,115
116,Brennan,Kibble,Staff Accountant III,2025-12-13,116
117,Barnabas,Lippitt,Assistant Media Planner,2025-12-01,117
118,Parry,Taffrey,Programmer III,2025-09-16,118
119,Maryjo,Fussell,Editor,2026-02-21,119
120,Jada,Rudgard,Recruiter,2025-08-01,120
121,Corrina,Kitcherside,Help Desk Technician,2026-01-06,121
122,Eliza,de Pinna,Senior Quality Engineer,2025-07-20,122
123,Thorny,Ivanikov,Teacher,2025-08-04,123
124,Roxi,Jasik,Statistician II,2025-03-31,124
125,Walker,Winterton,Director of Sales,2025-07-08,125
126,Allayne,Amesbury,Research Assistant II,2025-08-11,126
127,Hamnet,Bonfield,VP Product Management,2026-01-17,127
128,Lily,Taffley,VP Marketing,2025-05-04,128
129,Seth,Hunston,Human Resources Manager,2025-08-20,129
130,Hazel,Sutherington,Office Assistant II,2026-02-15,130
131,Tish,Munson,Project Manager,2025-07-05,131
132,Drusilla,Tonks,Help Desk Technician,2025-10-03,132
133,Simmonds,O'Kielt,Design Engineer,2025-05-14,133
134,Gabriel,Sickamore,Product Engineer,2025-12-30,134
135,Cindra,Niland,Electrical Engineer,2025-08-24,135
136,Hinze,Chisman,Nuclear Power Engineer,2025-10-04,136
137,Rickie,Devo,Graphic Designer,2025-12-06,137
138,Davidde,Rosevear,Senior Sales Associate,2025-09-23,138
139,Collie,Jeves,Junior Executive,2025-08-01,139
140,Aeriell,Eastmead,Payment Adjustment Coordinator,2025-09-19,140
141,Jarrett,Keuning,VP Quality Control,2025-10-23,141
142,Layne,Bourke,Technical Writer,2026-03-17,142
143,Filia,Laste,Internal Auditor,2025-12-08,143
144,Porter,Yearnes,Environmental Specialist,2026-01-24,144
145,Connie,Parcells,Associate Professor,2025-08-28,145
146,Lorene,Batalini,Staff Scientist,2026-01-26,146
147,Mildred,Zanelli,Computer Systems Analyst IV,2025-11-21,147
148,Hildegaard,Essel,Clinical Specialist,2025-12-15,148
149,Alma,Sherborn,Budget/Accounting Analyst II,2025-08-12,149
150,Lorelei,Gilardone,Engineer I,2025-09-05,150
151,Hayes,Tregoning,VP Marketing,2026-01-08,151
152,Tito,Barthelme,Design Engineer,2025-08-25,152
153,Carina,Hatwell,Budget/Accounting Analyst II,2025-05-31,153
154,Demetria,Monk,Registered Nurse,2025-12-19,154
155,Eleen,Jorcke,Environmental Specialist,2025-06-16,155
156,Dusty,Conroy,Desktop Support Technician,2025-04-16,156
157,Meggy,Wakeford,Senior Cost Accountant,2026-01-19,157
158,Ashlin,Jantot,Software Test Engineer IV,2025-05-17,158
159,Codie,Stobbie,Financial Analyst,2025-06-03,159
160,Monte,Philippeaux,VP Accounting,2025-06-16,160
161,Russ,Cavell,Executive Secretary,2026-01-13,161
162,Buckie,Arran,Executive Secretary,2025-05-01,162
163,Alexia,Daw,Design Engineer,2025-11-17,163
164,Clair,Garaway,Marketing Assistant,2025-05-29,164
165,Mei,Rollin,VP Marketing,2026-02-26,165
166,Michel,Barhem,Nurse Practicioner,2025-10-06,166
167,Issie,McKeown,Accounting Assistant I,2025-05-12,167
168,Maurita,Willden,VP Accounting,2025-12-18,168
169,Jyoti,Castellini,Senior Quality Engineer,2025-12-16,169
170,Laurel,Jakubovits,Internal Auditor,2025-05-05,170
171,Ivette,Pellew,Administrative Officer,2025-11-07,171
172,Mellisa,Cattlemull,Senior Editor,2025-08-14,172
173,Tadeo,Lamprey,Help Desk Technician,2025-04-20,173
174,Phylis,Lepick,VP Marketing,2025-06-11,174
175,Joyce,Paszak,VP Accounting,2026-01-15,175
176,Ramonda,Quoit,Information Systems Manager,2026-03-17,176
177,Archibaldo,Simnor,Research Associate,2025-08-27,177
178,Ariella,Mothersdale,Sales Associate,2025-08-30,178
179,Bert,Gringley,Staff Scientist,2026-02-04,179
180,Noland,Guarnier,VP Marketing,2025-11-05,180
181,Philippe,Carpenter,Environmental Tech,2025-09-07,181
182,Rosalinde,Cherry,Senior Editor,2025-05-18,182
183,Hoyt,Kilfedder,Recruiting Manager,2025-03-26,183
184,Isis,Lysaght,Design Engineer,2025-05-17,184
185,Susy,Galvan,Mechanical Systems Engineer,2025-03-25,185
186,Barney,Meacher,Data Coordinator,2026-02-20,186
187,Halli,Sibbs,Database Administrator I,2025-12-15,187
188,Mavra,Cadwaladr,Human Resources Assistant I,2025-06-12,188
189,Meridith,Lightollers,Assistant Media Planner,2025-06-09,189
190,Lloyd,Eyton,Nurse Practicioner,2025-10-04,190
191,Randene,Davydoch,Desktop Support Technician,2025-12-10,191
192,Kylie,Doxey,Speech Pathologist,2025-11-11,192
193,Perle,Stopp,Research Nurse,2025-08-31,193
194,Martynne,Duck,Structural Engineer,2025-06-04,194
195,Elvyn,Sumpter,Accountant III,2026-03-17,195
196,Jacynth,Riteley,Social Worker,2025-06-05,196
197,Maiga,O'Keevan,Developer I,2026-01-21,197
198,Angelika,Hedgeman,Financial Advisor,2025-11-07,198
199,Woodrow,Arndt,Senior Developer,2025-08-27,199
200,Alasteir,Orcott,Assistant Manager,2025-06-01,200
201,Marney,Farmer,Analyst Programmer,2026-01-02,201
202,Brewer,Frounks,Business Systems Development Analyst,2026-01-07,202
203,Mohandas,Costin,Social Worker,2025-04-14,203
204,Consuela,Wessel,Analyst Programmer,2025-04-04,204
205,Vitia,Holdin,Technical Writer,2025-08-20,205
206,Caralie,Oldridge,Web Developer II,2026-02-19,206
207,Prisca,Bloschke,Senior Developer,2025-08-07,207
208,Jolee,Fairburne,Systems Administrator IV,2025-06-02,208
209,Lindi,Doble,Administrative Officer,2026-02-03,209
210,Alfie,Birdwhistle,Graphic Designer,2026-01-03,210
211,Ninetta,Durrant,Recruiter,2025-12-14,211
212,Kylen,Ranscomb,Financial Advisor,2025-11-22,212
213,Harmonia,Flett,Compensation Analyst,2025-09-17,213
214,Hector,Waddams,VP Product Management,2025-10-09,214
215,Edyth,Bartaloni,Nurse,2025-11-24,215
216,Roch,Lounds,Technical Writer,2025-03-31,216
217,Iosep,Lammiman,Staff Accountant III,2025-12-11,217
218,Oralee,Cranidge,Senior Developer,2025-04-20,218
219,Robbert,Cavil,Electrical Engineer,2025-04-19,219
220,Lindsay,Blincoe,Computer Systems Analyst IV,2025-09-30,220
221,Lennard,Wilden,VP Marketing,2025-11-24,221
222,Claybourne,Driver,Senior Quality Engineer,2025-07-15,222
223,Silvain,Vanyarkin,Business Systems Development Analyst,2025-08-06,223
224,Reggis,Drakeley,Account Coordinator,2025-06-23,224
225,Michele,Morratt,Account Representative IV,2025-06-23,225
226,Timi,Glasscock,Research Assistant II,2025-05-23,226
227,Marlo,Patrie,Engineer III,2026-02-24,227
228,Edwina,Poel,Systems Administrator III,2025-12-14,228
229,Benito,Chipchase,Pharmacist,2025-05-10,229
230,Adolpho,Bramwich,Office Assistant IV,2025-06-05,230
231,Pippa,Ferrier,Teacher,2025-11-22,231
232,Cassi,Paramor,Software Engineer IV,2025-09-15,232
233,Agnes,Mulloch,Registered Nurse,2026-03-09,233
234,Ashly,Moseby,Technical Writer,2026-02-18,234
235,Oberon,Baytrop,Structural Engineer,2025-05-08,235
236,Marieann,Paye,Software Consultant,2025-04-22,236
237,Eliza,Lapslie,Structural Analysis Engineer,2026-02-02,237
238,Juliana,Gonneau,Food Chemist,2025-09-28,238
239,Farrel,Pergens,General Manager,2026-01-05,239
240,Evy,McRorie,Accountant I,2025-04-05,240
241,Lannie,Pietri,Accountant I,2025-03-31,241
242,Lucina,Dalliston,Senior Editor,2025-09-15,242
243,Menard,Tutill,Quality Control Specialist,2025-09-21,243
244,Betty,Straker,Research Nurse,2025-09-17,244
245,Deeanne,Camillo,VP Marketing,2025-04-06,245
246,Astrid,Seleway,Data Coordinator,2025-07-25,246
247,Libbey,Auld,VP Product Management,2025-04-06,247
248,Zelma,Stille,Systems Administrator IV,2025-11-26,248
249,Sheena,Miko,Assistant Media Planner,2025-07-22,249
250,Carlita,Haddinton,Account Coordinator,2025-09-05,250
251,Irwin,Sparkwell,Executive Secretary,2025-11-22,251
252,Carolus,Pattillo,Clinical Specialist,2025-04-27,252
253,Gloriana,Hathorn,Legal Assistant,2025-10-04,253
254,Orlando,Edie,Electrical Engineer,2025-04-29,254
255,Paulie,Bedrosian,Marketing Assistant,2025-09-18,255
256,Huntington,Dottrell,Occupational Therapist,2025-07-12,256
257,Gretta,Luigi,Budget/Accounting Analyst IV,2025-03-23,257
258,Eva,Kubelka,Human Resources Assistant II,2025-12-11,258
259,Derrik,Hayhow,Teacher,2026-01-26,259
260,Eleanora,Dight,Office Assistant IV,2025-08-09,260
261,Sunshine,Heustace,Help Desk Operator,2025-06-04,261
262,Brittani,Ellaman,Help Desk Technician,2025-05-12,262
263,Sallie,Axelbey,Software Test Engineer III,2026-01-21,263
264,Anselma,Avramovich,Accountant IV,2025-05-08,264
265,Cassaundra,Dusting,Chemical Engineer,2025-07-20,265
266,Holly,Rorke,Tax Accountant,2025-11-17,266
267,Min,Peel,Marketing Manager,2025-04-19,267
268,Stella,Poyser,Safety Technician I,2025-07-11,268
269,Karyn,Doret,Paralegal,2025-03-29,269
270,Ignazio,Querrard,Quality Engineer,2025-12-17,270
271,Lise,Haythorn,Civil Engineer,2025-08-23,271
272,Pammie,Jamblin,Nurse,2025-07-15,272
273,Franz,Charnley,Sales Representative,2025-07-05,273
274,Wells,Dunkerly,Occupational Therapist,2026-01-28,274
275,Velma,Mugg,Geological Engineer,2026-02-25,275
276,Cordy,Ginman,Operator,2025-08-25,276
277,Arty,Tynewell,Nuclear Power Engineer,2025-08-10,277
278,Orly,Norman,Software Consultant,2025-09-29,278
279,Barde,Bernardini,Sales Associate,2025-05-30,279
280,Laurence,Hugett,Food Chemist,2025-07-11,280
281,Geneva,Jurczak,Technical Writer,2025-07-13,281
282,Prince,Uridge,Software Test Engineer I,2026-01-08,282
283,Dennie,Bonehill,Internal Auditor,2025-04-06,283
284,Randal,Slack,Structural Engineer,2025-11-27,284
285,Rafaello,Dursley,Research Associate,2025-09-07,285
286,Rosanne,Beglin,Actuary,2025-08-07,286
287,Larissa,Sevitt,Geologist IV,2025-06-26,287
288,Carlye,Blazy,Engineer III,2025-12-18,288
289,Osbourne,Filde,VP Sales,2026-02-21,289
290,Patrick,Lehemann,Electrical Engineer,2025-03-19,290
291,Franky,Yarn,Accounting Assistant IV,2026-03-11,291
292,Karlen,Shalloo,Environmental Tech,2025-09-17,292
293,Delphine,Hammond,Database Administrator II,2025-06-19,293
294,Patrice,Saundercock,Nurse Practicioner,2025-09-17,294
295,Phedra,Mizen,Biostatistician II,2025-10-08,295
296,Josephina,Skipperbottom,Developer IV,2025-04-30,296
297,Carmina,Sissons,Structural Engineer,2025-10-06,297
298,Magdaia,Lethbrig,Accountant IV,2025-05-08,298
299,Alethea,Camelli,Chief Design Engineer,2026-01-08,299
300,Georgeta,Grainge,Software Consultant,2025-08-23,300
301,Venus,Maron,Programmer II,2025-09-22,301
302,Valentine,Cattenach,Health Coach II,2025-04-28,302
303,Reynolds,Markie,Research Nurse,2025-10-25,303
304,Veronica,Simcox,Help Desk Operator,2026-01-08,304
305,Herve,Matschoss,Senior Cost Accountant,2025-06-09,305
306,Gardie,Altree,Structural Analysis Engineer,2025-07-23,306
307,Lettie,Hallewell,Senior Financial Analyst,2025-11-02,307
308,Lowell,Dunk,Account Representative III,2025-08-18,308
309,Marietta,Bradburne,Account Executive,2025-07-23,309
310,Cesya,Casaro,Speech Pathologist,2025-09-14,310
311,Say,Capstack,Information Systems Manager,2025-12-03,311
312,Jaime,Poltun,Cost Accountant,2026-01-29,312
313,Jake,Noye,Office Assistant I,2025-11-19,313
314,Ricki,Paget,Chief Design Engineer,2026-01-29,314
315,Sandye,Minero,Environmental Tech,2025-07-09,315
316,Perry,Cathesyed,Marketing Assistant,2025-11-24,316
317,Miguela,Hanselmann,Assistant Media Planner,2026-01-18,317
318,Jenica,Treece,Programmer Analyst IV,2025-07-02,318
319,Yehudi,Arboin,Electrical Engineer,2025-09-18,319
320,Lay,MacGiolla Pheadair,Computer Systems Analyst II,2025-07-24,320
321,Wernher,Clogg,Quality Control Specialist,2025-08-11,321
322,Rasla,Chatto,Biostatistician IV,2026-01-08,322
323,Gavra,Buckingham,Analog Circuit Design manager,2025-08-04,323
324,Gustavus,Leggatt,Assistant Media Planner,2025-12-16,324
325,Sergeant,Buckston,Environmental Specialist,2025-09-20,325
326,Reed,Hatzar,Recruiter,2026-02-27,326
327,Ivor,Swyndley,Help Desk Operator,2025-08-14,327
328,Benny,Mawman,Quality Engineer,2025-12-22,328
329,Ric,Sadler,Health Coach IV,2026-03-07,329
330,Chris,Larn,Administrative Assistant III,2025-05-12,330
331,Rafaellle,McCaskill,Geological Engineer,2025-11-13,331
332,Laurette,Izatt,Recruiting Manager,2025-08-12,332
333,Emilia,Digance,Senior Cost Accountant,2026-02-12,333
334,Gerrie,Padwick,Teacher,2025-12-12,334
335,Rennie,Roset,Computer Systems Analyst IV,2025-05-15,335
336,Mordecai,Eley,Environmental Specialist,2025-08-18,336
337,Nydia,Chenery,Director of Sales,2025-12-01,337
338,Carlin,Coytes,Research Associate,2025-07-05,338
339,Thaine,Pettman,Teacher,2025-07-05,339
340,Roxine,Francesc,Internal Auditor,2025-09-12,340
341,Edee,Aberdeen,Accountant IV,2025-08-01,341
342,Hettie,Penhall,Electrical Engineer,2025-05-23,342
343,Ardeen,Illiston,Accountant I,2025-11-16,343
344,Clerissa,Woodhead,Programmer Analyst IV,2025-10-17,344
345,Marilee,Wallwork,Sales Representative,2026-01-30,345
346,Merl,Hubatsch,Junior Executive,2026-02-20,346
347,Mabelle,Johnigan,Director of Sales,2026-02-04,347
348,Buddy,Spurier,Geologist III,2025-07-11,348
349,Arliene,Oles,Civil Engineer,2026-03-11,349
350,Arabelle,Mildmott,Account Coordinator,2026-01-10,350
351,Helaina,Patient,Teacher,2025-03-30,351
352,Karil,Chominski,Account Coordinator,2026-03-16,352
353,Jess,Lefley,Account Coordinator,2025-04-11,353
354,Cosetta,Izak,Marketing Assistant,2025-09-13,354
355,Mechelle,Hanigan,Web Developer I,2025-11-28,355
356,Eustace,Limbourne,Account Executive,2025-11-07,356
357,Loretta,Farrimond,Librarian,2025-06-02,357
358,Kerrin,Sherbourne,Quality Engineer,2025-04-17,358
359,Casandra,Whisson,Analog Circuit Design manager,2025-10-18,359
360,Glynda,Leebetter,Senior Cost Accountant,2026-02-04,360
361,Harland,Lehr,Information Systems Manager,2025-07-07,361
362,Kerry,Westberg,Office Assistant II,2025-04-04,362
363,Anderson,Minall,Chief Design Engineer,2025-11-21,363
364,Georgeanne,Heys,Developer II,2025-05-22,364
365,Eddie,Sidry,Graphic Designer,2025-10-02,365
366,Jocelin,Merigon,GIS Technical Architect,2025-07-19,366
367,Artie,Rowsell,Electrical Engineer,2025-07-28,367
368,Carmelle,Fifoot,Senior Cost Accountant,2025-08-18,368
369,Ambros,Aleksic,Technical Writer,2025-12-12,369
370,Terrell,Feldberger,Pharmacist,2025-03-28,370
371,Wendye,Gascoyen,Assistant Manager,2025-07-05,371
372,Phylis,Matus,Chemical Engineer,2025-08-28,372
373,Sunny,Cheak,Research Assistant I,2025-11-18,373
374,Cal,Silcock,Teacher,2025-09-20,374
375,Lissie,Campanelli,Internal Auditor,2025-06-22,375
376,Annice,Darrigrand,Engineer III,2025-07-30,376
377,Jeralee,Wedmore,Speech Pathologist,2025-12-27,377
378,Kevyn,Bankes,Clinical Specialist,2025-05-22,378
379,Bale,Pryke,Speech Pathologist,2025-05-30,379
380,Alene,Hessing,Structural Engineer,2026-03-12,380
381,Alla,Lehemann,Junior Executive,2025-06-13,381
382,Ravi,Livingston,Sales Associate,2025-06-30,382
383,Archibaldo,Filintsev,Help Desk Technician,2026-01-24,383
384,Gillan,Grevile,Senior Editor,2025-07-13,384
385,Shoshana,Stronach,Marketing Manager,2025-08-29,385
386,Chrissy,Ridley,Nurse,2026-02-23,386
387,Letta,Bouldstridge,Associate Professor,2026-01-30,387
388,Elisha,Capenor,Payment Adjustment Coordinator,2025-08-08,388
389,Svend,Geill,Senior Developer,2026-03-06,389
390,Rockey,Orrick,Staff Accountant IV,2025-05-16,390
391,Britteny,Sacchetti,Senior Quality Engineer,2025-05-14,391
392,Lindsey,Stanion,Software Test Engineer II,2025-06-07,392
393,Bibby,Resdale,Design Engineer,2025-06-03,393
394,Tyne,Thorndale,Staff Accountant III,2025-10-07,394
395,Nanete,McIlveen,Safety Technician II,2025-03-31,395
396,Bobbee,Mayow,Developer IV,2025-04-04,396
397,Consuelo,Lente,VP Product Management,2025-10-14,397
398,Gaylord,Pooly,Teacher,2025-09-06,398
399,Cecilla,Crockatt,GIS Technical Architect,2025-12-25,399
400,Edy,Harnes,Professor,2026-02-28,400
401,Joanie,Matchett,Account Representative III,2025-11-10,401
402,Mal,Redmain,Technical Writer,2025-07-31,402
403,Michael,Sorro,Paralegal,2025-06-30,403
404,Louis,Tanswell,VP Accounting,2025-07-22,404
405,Gaylene,Maryman,Nurse Practicioner,2025-06-04,405
406,Mikel,Kynton,Editor,2026-02-12,406
407,Batsheva,Bogie,Sales Associate,2025-12-15,407
408,Ellary,Wroth,Web Designer IV,2025-06-29,408
409,Levon,Todeo,Actuary,2025-07-10,409
410,Stanley,Baynes,Staff Accountant IV,2025-12-03,410
411,Marigold,Kliment,Nuclear Power Engineer,2025-03-24,411
412,Ari,Nashe,Senior Cost Accountant,2026-02-26,412
413,Piotr,Savaage,Geologist II,2025-05-06,413
414,Cooper,Brendeke,Health Coach IV,2025-09-13,414
415,Tybalt,Yannikov,Marketing Manager,2025-10-20,415
416,Worthington,Duffy,Senior Financial Analyst,2025-09-18,416
417,Colette,Hobgen,Media Manager II,2026-02-22,417
418,Dinah,Buncom,Mechanical Systems Engineer,2026-02-24,418
419,Pauly,D'Onisi,Occupational Therapist,2025-05-24,419
420,Valentina,Mintoft,Data Coordinator,2025-12-26,420
421,Dougie,Kilpin,Nuclear Power Engineer,2025-07-06,421
422,Huntlee,Pyburn,Recruiter,2025-08-01,422
423,Eustace,Weeden,Human Resources Manager,2025-12-05,423
424,Roxine,Ringwood,Dental Hygienist,2026-03-16,424
425,Brad,Bog,Graphic Designer,2025-05-04,425
426,Ashleigh,De Paoli,Information Systems Manager,2026-02-06,426
427,Cinderella,Bridgwood,Research Assistant II,2026-02-24,427
428,Illa,Aaron,Environmental Tech,2025-11-15,428
429,Ertha,Bachman,Electrical Engineer,2025-09-02,429
430,Teirtza,Benbough,Statistician IV,2026-03-04,430
431,Abdul,Ball,Systems Administrator II,2026-02-01,431
432,Kerstin,Edsell,Data Coordinator,2026-01-24,432
433,Bartram,Itzhayek,Analog Circuit Design manager,2026-01-03,433
434,Corette,Garrelts,Recruiting Manager,2025-04-15,434
435,Nev,Peirazzi,Director of Sales,2026-01-12,435
436,Lauralee,Linch,Dental Hygienist,2025-05-17,436
437,Dorine,Train,VP Quality Control,2025-04-18,437
438,Lyon,Tassell,Information Systems Manager,2025-10-08,438
439,Shirley,Kittle,VP Quality Control,2025-08-04,439
440,Sancho,Syers,Marketing Assistant,2025-09-09,440
441,Schuyler,Kinnard,Media Manager II,2026-01-03,441
442,Sarah,Cardwell,Geological Engineer,2025-08-06,442
443,Otho,Eckley,Teacher,2025-11-15,443
444,Roxanna,Dabrowski,Budget/Accounting Analyst IV,2025-12-31,444
445,Shaine,Durbann,VP Sales,2026-02-03,445
446,Moira,Penning,Sales Representative,2025-10-13,446
447,Brien,Sadler,Community Outreach Specialist,2026-01-28,447
448,Domini,Manvell,Media Manager III,2025-07-12,448
449,Cassondra,Grishagin,Web Developer III,2025-11-06,449
450,Omero,Slevin,Programmer III,2025-09-12,450
451,Zabrina,Musgrove,Research Assistant II,2025-09-24,451
452,Ashien,Allflatt,Web Designer III,2025-06-16,452
453,Latashia,Twaite,Information Systems Manager,2025-05-04,453
454,Theobald,Dye,Assistant Media Planner,2025-06-11,454
455,Nicky,Chappell,Clinical Specialist,2025-04-11,455
456,Arlena,Pippard,Operator,2025-08-11,456
457,Colly,Port,Civil Engineer,2025-04-24,457
458,Tabb,Bolstridge,General Manager,2025-06-22,458
459,Rudolfo,Pearne,Marketing Assistant,2025-09-14,459
460,Giana,Kinsman,Actuary,2025-12-13,460
461,Aylmar,Gandy,Quality Control Specialist,2025-07-17,461
462,Haley,Comsty,Environmental Specialist,2025-08-11,462
463,Shirleen,Kuhnel,Marketing Assistant,2025-06-29,463
464,Jodie,Milburne,Structural Analysis Engineer,2025-12-05,464
465,Thayne,Connock,Executive Secretary,2025-03-20,465
466,Chrotoem,Herrieven,Product Engineer,2025-12-30,466
467,Ruthanne,McAlarney,Media Manager II,2025-06-22,467
468,Marie,Howick,Nurse Practicioner,2025-07-22,468
469,Orelia,Ros,VP Quality Control,2025-04-30,469
470,Marilyn,Arnau,Senior Financial Analyst,2025-05-04,470
471,Gauthier,Crenage,Product Engineer,2026-03-01,471
472,Dori,Balshaw,Software Engineer III,2025-12-11,472
473,Bowie,Skitterel,Editor,2025-04-07,473
474,Abrahan,Ellett,Director of Sales,2025-07-31,474
475,Salli,Gohier,Software Test Engineer II,2025-08-25,475
476,Zebulen,Wheeler,Nurse Practicioner,2025-08-23,476
477,Eadie,Kell,Financial Advisor,2025-04-27,477
478,Janina,Dexter,Quality Control Specialist,2025-07-31,478
479,Dee,Leads,Electrical Engineer,2025-06-11,479
480,Mill,Neilan,Compensation Analyst,2025-04-21,480
481,Adrien,Amiranda,Environmental Specialist,2025-11-13,481
482,Wood,Garrad,Payment Adjustment Coordinator,2025-03-31,482
483,Madonna,Sainsberry,Nurse,2025-11-27,483
484,Marianna,Gasgarth,Compensation Analyst,2025-09-07,484
485,Frazer,Prestney,Junior Executive,2025-03-23,485
486,Brody,Stoaks,General Manager,2025-08-29,486
487,Jillian,Fischer,VP Accounting,2025-06-07,487
488,Marv,MacDearmid,Community Outreach Specialist,2025-06-23,488
489,Colin,Marconi,Budget/Accounting Analyst I,2025-08-08,489
490,Arne,O'Scanlon,Environmental Specialist,2025-10-06,490
491,Gabriell,Lightowler,GIS Technical Architect,2025-07-12,491
492,Wenona,Canaan,Dental Hygienist,2026-02-09,492
493,Prescott,Currom,Legal Assistant,2025-05-24,493
494,Emlen,Goshawke,Senior Sales Associate,2026-01-03,494
495,Sheela,O'Dyvoy,Developer IV,2025-09-07,495
496,Diane,Myrkus,Nurse,2025-08-04,496
497,Cyb,Mithon,Accountant IV,2026-01-30,497
498,Miguela,Cuvley,Structural Analysis Engineer,2026-01-03,498
499,Roosevelt,Bramah,Quality Control Specialist,2025-09-23,499
500,Granny,Osipov,Account Representative I,2025-07-10,500
