ReviewID,Rating,Comment,ReviewDate,ProductID,CustomerID
1,3,Suspendisse accumsan tortor quis turpis.,2025-11-20,190,409
2,5,"Integer aliquet, massa id lobortis convallis, tortor risus dapibus augue, vel accumsan tellus nisi eu orci. Mauris lacinia sapien quis libero.",2025-03-26,462,411
3,4,Maecenas tincidunt lacus at velit.,2025-08-02,254,1
4,5,Sed sagittis.,2026-02-12,384,138
5,4,Curabitur at ipsum ac tellus semper interdum.,2026-01-18,108,107
6,3,Duis consequat dui nec nisi volutpat eleifend.,2025-04-17,135,96
7,3,Phasellus sit amet erat.,2026-02-24,290,128
8,4,Pellentesque at nulla. Suspendisse potenti.,2026-01-23,72,204
9,3,Pellentesque at nulla. Suspendisse potenti.,2025-10-08,411,400
10,5,"Quisque arcu libero, rutrum ac, lobortis vel, dapibus at, diam. Nam tristique tortor eu pede.",2025-12-22,284,290
11,3,Vestibulum ac est lacinia nisi venenatis tristique.,2025-07-06,162,451
12,2,"Cum sociis natoque penatibus et magnis dis parturient montes, nascetur ridiculus mus. Vivamus vestibulum sagittis sapien.",2025-10-14,39,116
13,4,In sagittis dui vel nisl. Duis ac nibh.,2025-10-11,310,25
14,4,"Fusce congue, diam id ornare imperdiet, sapien urna pretium nisl, ut volutpat sapien arcu sed augue. Aliquam erat volutpat.",2026-02-11,216,328
15,5,"Sed sagittis. Nam congue, risus semper porta volutpat, quam pede lobortis ligula, sit amet eleifend pede libero quis orci.",2026-01-29,160,426
16,1,Curabitur gravida nisi at nibh.,2025-11-30,216,426
17,4,"Morbi vestibulum, velit id pretium iaculis, diam erat fermentum justo, nec condimentum neque sapien placerat ante.",2025-08-23,446,272
18,1,"Cum sociis natoque penatibus et magnis dis parturient montes, nascetur ridiculus mus.",2025-11-20,142,129
19,5,Nulla facilisi.,2026-01-04,331,257
20,4,Cras pellentesque volutpat dui.,2025-10-26,38,391
21,1,Duis consequat dui nec nisi volutpat eleifend. Donec ut dolor.,2025-08-28,25,121
22,3,"Nam ultrices, libero non mattis pulvinar, nulla pede ullamcorper augue, a suscipit nulla elit ac nulla.",2025-05-04,232,257
23,4,"Vestibulum ante ipsum primis in faucibus orci luctus et ultrices posuere cubilia Curae; Donec pharetra, magna vestibulum aliquet ultrices, erat tortor sollicitudin mi, sit amet lobortis sapien sapien non mi.",2026-01-16,399,468
24,3,Suspendisse accumsan tortor quis turpis.,2025-08-18,208,413
25,2,Morbi quis tortor id nulla ultrices aliquet.,2026-02-06,117,299
26,1,Proin risus. Praesent lectus.,2026-03-09,267,107
27,3,Mauris lacinia sapien quis libero.,2025-12-18,470,491
28,1,"Integer aliquet, massa id lobortis convallis, tortor risus dapibus augue, vel accumsan tellus nisi eu orci. Mauris lacinia sapien quis libero.",2025-09-03,356,297
29,2,Ut tellus.,2025-04-09,339,14
30,4,Integer non velit.,2025-04-06,177,433
31,2,"Suspendisse ornare consequat lectus. In est risus, auctor sed, tristique in, tempus sit amet, sem.",2025-08-05,333,109
32,3,Sed ante.,2025-11-16,252,117
33,3,Etiam faucibus cursus urna. Ut tellus.,2025-12-04,187,460
34,3,Proin risus.,2025-05-22,62,77
35,2,Suspendisse potenti.,2026-02-24,117,348
36,5,"Morbi ut odio. Cras mi pede, malesuada in, imperdiet et, commodo vulputate, justo.",2025-05-12,20,253
37,2,Donec posuere metus vitae ipsum. Aliquam non mauris.,2025-05-27,288,328
38,4,Nulla justo. Aliquam quis turpis eget elit sodales scelerisque.,2025-10-11,129,381
39,3,Aenean fermentum.,2025-12-30,169,126
40,4,Integer non velit.,2025-06-27,4,381
41,2,Nulla ac enim.,2025-06-10,465,305
42,4,"Morbi sem mauris, laoreet ut, rhoncus aliquet, pulvinar sed, nisl.",2025-04-13,393,459
43,4,Morbi non quam nec dui luctus rutrum. Nulla tellus.,2025-04-07,139,431
44,5,"Donec vitae nisi. Nam ultrices, libero non mattis pulvinar, nulla pede ullamcorper augue, a suscipit nulla elit ac nulla.",2025-06-22,44,70
45,2,"Donec diam neque, vestibulum eget, vulputate ut, ultrices vel, augue. Vestibulum ante ipsum primis in faucibus orci luctus et ultrices posuere cubilia Curae; Donec pharetra, magna vestibulum aliquet ultrices, erat tortor sollicitudin mi, sit amet lobortis sapien sapien non mi.",2025-12-19,138,121
46,4,Vestibulum ante ipsum primis in faucibus orci luctus et ultrices posuere cubilia Curae; Mauris viverra diam vitae quam.,2025-07-20,357,396
47,4,Phasellus sit amet erat. Nulla tempus.,2025-12-27,112,122
48,5,Etiam vel augue. Vestibulum rutrum rutrum neque.,2025-10-26,343,249
49,5,"Donec diam neque, vestibulum eget, vulputate ut, ultrices vel, augue.",2026-02-02,253,14
50,5,Aliquam erat volutpat. In congue.,2025-11-29,176,17
51,2,Suspendisse accumsan tortor quis turpis.,2025-10-23,282,64
52,1,Nulla justo.,2025-11-19,170,454
53,5,"Vestibulum quam sapien, varius ut, blandit non, interdum in, ante.",2025-12-24,465,266
54,2,Nunc purus. Phasellus in felis.,2026-02-13,62,255
55,3,"Morbi odio odio, elementum eu, interdum eu, tincidunt in, leo. Maecenas pulvinar lobortis est.",2026-02-21,3,207
56,5,Suspendisse potenti. Nullam porttitor lacus at turpis.,2026-03-13,30,101
57,2,Proin eu mi.,2025-12-02,17,43
58,2,Pellentesque at nulla. Suspendisse potenti.,2026-03-11,458,49
59,4,Morbi quis tortor id nulla ultrices aliquet.,2025-08-04,317,159
60,2,Phasellus sit amet erat.,2026-01-01,45,220
61,5,"Cum sociis natoque penatibus et magnis dis parturient montes, nascetur ridiculus mus.",2025-05-26,451,86
62,4,Nulla ac enim.,2025-05-18,120,195
63,2,"Quisque erat eros, viverra eget, congue eget, semper rutrum, nulla. Nunc purus.",2025-06-02,199,145
64,5,Proin risus. Praesent lectus.,2025-08-13,438,227
65,3,Fusce consequat.,2025-06-09,405,106
66,1,"Nam congue, risus semper porta volutpat, quam pede lobortis ligula, sit amet eleifend pede libero quis orci.",2025-10-09,434,165
67,1,"Duis bibendum, felis sed interdum venenatis, turpis enim blandit mi, in porttitor pede justo eu massa. Donec dapibus.",2025-07-30,198,326
68,5,"Vivamus metus arcu, adipiscing molestie, hendrerit at, vulputate vitae, nisl.",2025-07-18,303,56
69,5,Suspendisse potenti. Nullam porttitor lacus at turpis.,2025-12-17,452,196
70,1,Vivamus vel nulla eget eros elementum pellentesque.,2026-03-10,144,279
71,3,"Lorem ipsum dolor sit amet, consectetuer adipiscing elit. Proin interdum mauris non ligula pellentesque ultrices.",2025-09-17,478,414
72,4,"Fusce congue, diam id ornare imperdiet, sapien urna pretium nisl, ut volutpat sapien arcu sed augue. Aliquam erat volutpat.",2026-01-31,94,441
73,5,Nullam porttitor lacus at turpis.,2025-08-11,446,291
74,1,"Maecenas tristique, est et tempus semper, est quam pharetra magna, ac consequat metus sapien ut nunc. Vestibulum ante ipsum primis in faucibus orci luctus et ultrices posuere cubilia Curae; Mauris viverra diam vitae quam.",2025-06-28,356,261
75,5,Aenean fermentum. Donec ut mauris eget massa tempor convallis.,2025-08-10,473,130
76,2,"Vivamus metus arcu, adipiscing molestie, hendrerit at, vulputate vitae, nisl. Aenean lectus.",2025-10-30,27,236
77,4,Nulla mollis molestie lorem.,2025-12-03,32,411
78,4,"Suspendisse ornare consequat lectus. In est risus, auctor sed, tristique in, tempus sit amet, sem.",2025-06-04,26,272
79,5,Aliquam quis turpis eget elit sodales scelerisque. Mauris sit amet eros.,2025-07-12,87,489
80,3,Vestibulum ante ipsum primis in faucibus orci luctus et ultrices posuere cubilia Curae; Nulla dapibus dolor vel est.,2025-09-18,388,127
81,4,Nulla mollis molestie lorem.,2025-07-18,174,10
82,2,Duis mattis egestas metus. Aenean fermentum.,2025-09-22,341,234
83,2,"Cum sociis natoque penatibus et magnis dis parturient montes, nascetur ridiculus mus.",2026-02-22,133,120
84,1,"Nulla ac enim. In tempor, turpis nec euismod scelerisque, quam turpis adipiscing lorem, vitae mattis nibh ligula nec sem.",2026-03-12,2,13
85,5,Morbi a ipsum. Integer a nibh.,2025-06-08,165,384
86,3,Sed ante.,2025-08-28,36,327
87,4,Etiam justo.,2025-07-12,67,368
88,5,Nulla tempus. Vivamus in felis eu sapien cursus vestibulum.,2025-04-13,81,478
89,5,Proin risus. Praesent lectus.,2025-08-24,182,304
90,5,"Morbi sem mauris, laoreet ut, rhoncus aliquet, pulvinar sed, nisl.",2025-07-18,193,381
91,2,"Praesent lectus. Vestibulum quam sapien, varius ut, blandit non, interdum in, ante.",2025-05-27,411,89
92,1,"Nulla ac enim. In tempor, turpis nec euismod scelerisque, quam turpis adipiscing lorem, vitae mattis nibh ligula nec sem.",2025-06-23,162,102
93,4,Pellentesque eget nunc.,2026-03-05,190,440
94,3,"Integer pede justo, lacinia eget, tincidunt eget, tempus vel, pede.",2025-07-07,346,364
95,5,Nullam sit amet turpis elementum ligula vehicula consequat.,2025-08-12,1,178
96,5,Donec quis orci eget orci vehicula condimentum.,2025-12-12,116,31
97,2,"Nullam orci pede, venenatis non, sodales sed, tincidunt eu, felis. Fusce posuere felis sed lacus.",2025-11-04,356,416
98,1,"Morbi odio odio, elementum eu, interdum eu, tincidunt in, leo. Maecenas pulvinar lobortis est.",2026-01-15,393,91
99,2,Etiam pretium iaculis justo.,2025-04-25,156,300
100,2,Nulla facilisi. Cras non velit nec nisi vulputate nonummy.,2026-03-10,498,388
101,1,Maecenas pulvinar lobortis est.,2025-08-12,298,429
102,5,Etiam faucibus cursus urna.,2026-01-23,347,153
103,2,Curabitur gravida nisi at nibh. In hac habitasse platea dictumst.,2026-02-08,365,67
104,1,Aliquam erat volutpat.,2025-10-28,76,495
105,2,"Donec ut mauris eget massa tempor convallis. Nulla neque libero, convallis eget, eleifend luctus, ultricies eu, nibh.",2025-09-16,73,1
106,1,Morbi a ipsum. Integer a nibh.,2026-01-19,446,404
107,4,Sed ante.,2026-03-08,361,335
108,3,Etiam pretium iaculis justo. In hac habitasse platea dictumst.,2025-12-11,250,485
109,3,Nulla ut erat id mauris vulputate elementum.,2025-05-16,366,124
110,2,Donec posuere metus vitae ipsum. Aliquam non mauris.,2025-11-18,61,26
111,1,Suspendisse potenti. In eleifend quam a odio.,2025-04-14,333,12
112,4,"Fusce posuere felis sed lacus. Morbi sem mauris, laoreet ut, rhoncus aliquet, pulvinar sed, nisl.",2026-01-06,372,230
113,5,Suspendisse potenti. In eleifend quam a odio.,2025-08-30,145,283
114,1,"Vestibulum quam sapien, varius ut, blandit non, interdum in, ante.",2025-09-03,172,204
115,3,Morbi non lectus. Aliquam sit amet diam in magna bibendum imperdiet.,2025-12-01,434,417
116,1,Nulla nisl. Nunc nisl.,2026-01-26,425,398
117,5,Nullam varius.,2025-07-20,220,141
118,3,"Quisque erat eros, viverra eget, congue eget, semper rutrum, nulla. Nunc purus.",2025-09-30,470,393
119,5,Fusce posuere felis sed lacus.,2025-10-30,212,389
120,2,Nulla tellus. In sagittis dui vel nisl.,2025-05-25,73,84
121,3,Nullam porttitor lacus at turpis. Donec posuere metus vitae ipsum.,2026-01-05,355,380
122,1,Vivamus vel nulla eget eros elementum pellentesque. Quisque porta volutpat erat.,2025-08-20,387,164
123,2,Aliquam quis turpis eget elit sodales scelerisque.,2025-10-17,321,175
124,5,Vivamus vel nulla eget eros elementum pellentesque. Quisque porta volutpat erat.,2025-10-04,179,320
125,1,Praesent id massa id nisl venenatis lacinia.,2025-10-28,103,310
126,2,"Integer pede justo, lacinia eget, tincidunt eget, tempus vel, pede. Morbi porttitor lorem id ligula.",2025-12-05,342,269
127,4,Nullam molestie nibh in lectus.,2025-12-15,360,207
128,2,Donec posuere metus vitae ipsum.,2025-07-18,221,334
129,2,Integer non velit.,2025-10-28,171,423
130,3,Aenean lectus. Pellentesque eget nunc.,2025-08-18,274,61
131,5,Nulla tellus.,2025-07-05,296,255
132,1,Nulla ut erat id mauris vulputate elementum.,2025-06-12,110,121
133,3,Nulla ut erat id mauris vulputate elementum.,2026-02-20,75,222
134,4,Sed accumsan felis.,2025-08-03,427,331
135,3,Vivamus tortor. Duis mattis egestas metus.,2025-07-29,94,322
136,4,Vestibulum ante ipsum primis in faucibus orci luctus et ultrices posuere cubilia Curae; Duis faucibus accumsan odio. Curabitur convallis.,2026-03-05,243,372
137,5,"Quisque porta volutpat erat. Quisque erat eros, viverra eget, congue eget, semper rutrum, nulla.",2026-03-09,496,396
138,4,Praesent blandit lacinia erat. Vestibulum sed magna at nunc commodo placerat.,2025-04-28,340,204
139,4,Praesent id massa id nisl venenatis lacinia.,2025-07-05,219,88
140,3,"Morbi sem mauris, laoreet ut, rhoncus aliquet, pulvinar sed, nisl. Nunc rhoncus dui vel sem.",2025-09-02,482,262
141,2,Donec posuere metus vitae ipsum.,2025-07-19,389,3
142,2,Aenean lectus.,2025-12-24,366,480
143,3,Nulla justo. Aliquam quis turpis eget elit sodales scelerisque.,2026-01-31,333,134
144,5,Aliquam quis turpis eget elit sodales scelerisque.,2025-06-11,234,152
145,4,Proin eu mi. Nulla ac enim.,2026-02-05,17,380
146,2,Morbi a ipsum. Integer a nibh.,2025-08-24,319,17
147,2,"Nulla neque libero, convallis eget, eleifend luctus, ultricies eu, nibh.",2025-07-20,332,315
148,2,Donec semper sapien a libero. Nam dui.,2026-01-10,33,87
149,3,Nulla ut erat id mauris vulputate elementum. Nullam varius.,2025-07-19,352,91
150,5,"Mauris enim leo, rhoncus sed, vestibulum sit amet, cursus id, turpis.",2026-02-05,180,184
151,1,"Nunc nisl. Duis bibendum, felis sed interdum venenatis, turpis enim blandit mi, in porttitor pede justo eu massa.",2025-04-12,219,427
152,2,Aenean auctor gravida sem. Praesent id massa id nisl venenatis lacinia.,2025-07-06,288,409
153,1,"Nulla ac enim. In tempor, turpis nec euismod scelerisque, quam turpis adipiscing lorem, vitae mattis nibh ligula nec sem.",2025-09-25,348,270
154,5,"Vestibulum quam sapien, varius ut, blandit non, interdum in, ante. Vestibulum ante ipsum primis in faucibus orci luctus et ultrices posuere cubilia Curae; Duis faucibus accumsan odio.",2026-01-19,355,217
155,3,Aliquam quis turpis eget elit sodales scelerisque.,2025-11-20,208,141
156,2,"Sed sagittis. Nam congue, risus semper porta volutpat, quam pede lobortis ligula, sit amet eleifend pede libero quis orci.",2025-09-18,459,256
157,1,"Nulla neque libero, convallis eget, eleifend luctus, ultricies eu, nibh.",2025-11-02,15,105
158,2,Proin at turpis a pede posuere nonummy. Integer non velit.,2025-09-11,2,22
159,4,Donec posuere metus vitae ipsum. Aliquam non mauris.,2025-10-29,52,182
160,4,Vestibulum ante ipsum primis in faucibus orci luctus et ultrices posuere cubilia Curae; Duis faucibus accumsan odio.,2025-06-26,390,497
161,3,Nulla justo. Aliquam quis turpis eget elit sodales scelerisque.,2025-06-05,99,388
162,3,Cras in purus eu magna vulputate luctus.,2025-11-11,449,203
163,2,Proin eu mi. Nulla ac enim.,2025-07-07,309,213
164,2,Pellentesque ultrices mattis odio.,2025-05-14,369,316
165,1,Nulla justo. Aliquam quis turpis eget elit sodales scelerisque.,2025-12-03,30,285
166,5,"In hac habitasse platea dictumst. Morbi vestibulum, velit id pretium iaculis, diam erat fermentum justo, nec condimentum neque sapien placerat ante.",2025-04-24,22,1
167,1,Integer ac leo.,2025-08-13,54,116
168,4,"Maecenas leo odio, condimentum id, luctus nec, molestie sed, justo. Pellentesque viverra pede ac diam.",2025-10-05,362,53
169,3,Donec semper sapien a libero. Nam dui.,2025-05-05,444,352
170,4,Duis consequat dui nec nisi volutpat eleifend. Donec ut dolor.,2025-05-07,253,214
171,1,"Nam nulla. Integer pede justo, lacinia eget, tincidunt eget, tempus vel, pede.",2026-02-10,72,148
172,1,Sed vel enim sit amet nunc viverra dapibus.,2025-03-26,249,443
173,5,Quisque porta volutpat erat.,2025-06-24,187,488
174,4,Nunc nisl.,2025-08-20,365,259
175,2,Aenean fermentum.,2025-03-28,167,41
176,5,Nullam porttitor lacus at turpis.,2025-05-21,68,384
177,5,In blandit ultrices enim.,2025-11-30,341,140
178,3,"Nulla neque libero, convallis eget, eleifend luctus, ultricies eu, nibh.",2025-10-12,333,50
179,3,Nulla suscipit ligula in lacus.,2026-01-18,447,211
180,4,In hac habitasse platea dictumst.,2025-12-28,302,34
181,1,"Nulla neque libero, convallis eget, eleifend luctus, ultricies eu, nibh. Quisque id justo sit amet sapien dignissim vestibulum.",2025-08-22,17,233
182,5,Suspendisse potenti. Cras in purus eu magna vulputate luctus.,2025-06-09,356,166
183,3,"Morbi vestibulum, velit id pretium iaculis, diam erat fermentum justo, nec condimentum neque sapien placerat ante. Nulla justo.",2025-06-10,26,288
184,5,Suspendisse potenti.,2025-11-19,368,14
185,1,Etiam pretium iaculis justo. In hac habitasse platea dictumst.,2025-05-03,160,332
186,3,"In est risus, auctor sed, tristique in, tempus sit amet, sem. Fusce consequat.",2026-02-27,363,31
187,1,Mauris sit amet eros.,2025-04-17,72,120
188,1,"Vivamus vestibulum sagittis sapien. Cum sociis natoque penatibus et magnis dis parturient montes, nascetur ridiculus mus.",2025-05-20,100,404
189,1,Aenean auctor gravida sem.,2025-04-16,419,64
190,5,Aliquam sit amet diam in magna bibendum imperdiet.,2025-05-27,188,190
191,4,Aenean auctor gravida sem.,2025-06-19,176,500
192,1,Aenean auctor gravida sem. Praesent id massa id nisl venenatis lacinia.,2025-04-25,196,47
193,5,Aenean sit amet justo.,2025-11-11,500,39
194,4,Praesent id massa id nisl venenatis lacinia. Aenean sit amet justo.,2025-10-19,164,206
195,3,"Duis bibendum, felis sed interdum venenatis, turpis enim blandit mi, in porttitor pede justo eu massa.",2025-09-12,253,64
196,4,Quisque id justo sit amet sapien dignissim vestibulum.,2025-12-02,88,225
197,3,Nunc rhoncus dui vel sem. Sed sagittis.,2026-02-15,460,132
198,3,Integer tincidunt ante vel ipsum.,2025-03-21,18,90
199,3,Phasellus sit amet erat.,2025-12-10,376,342
200,5,Phasellus in felis. Donec semper sapien a libero.,2025-03-18,8,147
201,5,"Integer non velit. Donec diam neque, vestibulum eget, vulputate ut, ultrices vel, augue.",2025-07-15,256,10
202,5,Quisque porta volutpat erat.,2025-07-26,137,123
203,5,Nullam sit amet turpis elementum ligula vehicula consequat.,2025-12-31,248,299
204,5,Etiam justo. Etiam pretium iaculis justo.,2025-12-18,232,436
205,1,"Praesent lectus. Vestibulum quam sapien, varius ut, blandit non, interdum in, ante.",2025-09-09,167,80
206,4,"Mauris ullamcorper purus sit amet nulla. Quisque arcu libero, rutrum ac, lobortis vel, dapibus at, diam.",2025-09-17,151,40
207,5,Pellentesque ultrices mattis odio.,2025-09-25,222,307
208,3,"Suspendisse ornare consequat lectus. In est risus, auctor sed, tristique in, tempus sit amet, sem.",2026-01-18,414,345
209,5,Nulla mollis molestie lorem.,2025-09-21,481,368
210,3,Suspendisse potenti. In eleifend quam a odio.,2025-12-28,276,389
211,3,Nulla ut erat id mauris vulputate elementum. Nullam varius.,2025-11-12,348,388
212,4,Suspendisse potenti.,2025-04-11,351,160
213,1,Suspendisse potenti.,2025-05-01,268,113
214,1,"Vestibulum ante ipsum primis in faucibus orci luctus et ultrices posuere cubilia Curae; Nulla dapibus dolor vel est. Donec odio justo, sollicitudin ut, suscipit a, feugiat et, eros.",2026-02-19,220,9
215,1,Duis ac nibh.,2025-08-18,196,148
216,5,"Donec odio justo, sollicitudin ut, suscipit a, feugiat et, eros.",2026-02-23,455,48
217,2,Ut at dolor quis odio consequat varius. Integer ac leo.,2025-09-25,105,408
218,2,Pellentesque ultrices mattis odio.,2025-09-25,188,90
219,1,Ut tellus. Nulla ut erat id mauris vulputate elementum.,2025-06-27,397,365
220,1,"In est risus, auctor sed, tristique in, tempus sit amet, sem.",2025-05-05,299,328
221,1,Donec ut mauris eget massa tempor convallis.,2025-11-08,190,497
222,3,Duis at velit eu est congue elementum. In hac habitasse platea dictumst.,2025-07-15,348,132
223,4,"Cum sociis natoque penatibus et magnis dis parturient montes, nascetur ridiculus mus. Vivamus vestibulum sagittis sapien.",2025-06-25,293,277
224,5,Maecenas pulvinar lobortis est.,2025-12-11,185,72
225,1,Vivamus in felis eu sapien cursus vestibulum.,2025-10-25,440,7
226,3,"Vivamus metus arcu, adipiscing molestie, hendrerit at, vulputate vitae, nisl.",2026-01-01,42,337
227,2,Sed vel enim sit amet nunc viverra dapibus. Nulla suscipit ligula in lacus.,2025-11-05,4,51
228,4,"Aliquam sit amet diam in magna bibendum imperdiet. Nullam orci pede, venenatis non, sodales sed, tincidunt eu, felis.",2025-10-06,352,488
229,5,Integer ac neque. Duis bibendum.,2025-05-07,389,419
230,1,In eleifend quam a odio. In hac habitasse platea dictumst.,2025-07-24,51,332
231,5,Praesent lectus.,2025-12-10,290,29
232,1,Nunc rhoncus dui vel sem. Sed sagittis.,2025-09-20,156,341
233,4,"Morbi odio odio, elementum eu, interdum eu, tincidunt in, leo. Maecenas pulvinar lobortis est.",2025-12-01,282,431
234,2,In hac habitasse platea dictumst. Etiam faucibus cursus urna.,2025-08-23,215,2
235,5,Sed vel enim sit amet nunc viverra dapibus.,2025-09-27,370,260
236,4,Nam nulla.,2025-08-02,184,276
237,1,Donec semper sapien a libero.,2025-05-14,110,32
238,1,Curabitur convallis.,2025-12-01,42,375
239,4,Etiam justo.,2025-06-26,232,55
240,2,Proin eu mi. Nulla ac enim.,2025-09-20,401,464
241,1,Phasellus sit amet erat.,2025-09-27,194,365
242,4,Suspendisse ornare consequat lectus.,2026-01-02,355,414
243,3,Vivamus vel nulla eget eros elementum pellentesque.,2025-06-05,239,357
244,3,"Fusce posuere felis sed lacus. Morbi sem mauris, laoreet ut, rhoncus aliquet, pulvinar sed, nisl.",2025-12-31,389,342
245,2,Duis aliquam convallis nunc.,2025-12-16,358,292
246,4,Vivamus tortor. Duis mattis egestas metus.,2025-12-04,73,210
247,1,Nulla tempus. Vivamus in felis eu sapien cursus vestibulum.,2026-03-09,489,240
248,2,Quisque ut erat.,2026-01-17,447,201
249,1,Aliquam quis turpis eget elit sodales scelerisque.,2025-07-29,470,357
250,3,"Maecenas tristique, est et tempus semper, est quam pharetra magna, ac consequat metus sapien ut nunc.",2026-02-23,353,184
251,1,Aliquam sit amet diam in magna bibendum imperdiet.,2025-05-08,20,21
252,5,Ut at dolor quis odio consequat varius.,2025-09-24,237,422
253,2,Proin interdum mauris non ligula pellentesque ultrices. Phasellus id sapien in sapien iaculis congue.,2025-12-06,119,144
254,4,Duis at velit eu est congue elementum. In hac habitasse platea dictumst.,2026-03-02,311,22
255,4,Morbi non quam nec dui luctus rutrum. Nulla tellus.,2025-10-10,129,177
256,4,Ut at dolor quis odio consequat varius. Integer ac leo.,2026-02-10,494,277
257,2,"Morbi vestibulum, velit id pretium iaculis, diam erat fermentum justo, nec condimentum neque sapien placerat ante.",2025-05-28,221,83
258,5,Pellentesque ultrices mattis odio. Donec vitae nisi.,2025-07-23,477,78
259,2,Pellentesque eget nunc.,2025-04-15,430,140
260,4,Mauris lacinia sapien quis libero. Nullam sit amet turpis elementum ligula vehicula consequat.,2025-04-29,224,408
261,1,Etiam justo. Etiam pretium iaculis justo.,2025-09-13,165,134
262,2,Pellentesque ultrices mattis odio.,2026-02-02,189,159
263,5,In sagittis dui vel nisl.,2025-04-25,30,135
264,4,"Lorem ipsum dolor sit amet, consectetuer adipiscing elit. Proin risus.",2025-03-31,437,71
265,5,Nulla tempus.,2025-05-14,445,166
266,3,"Lorem ipsum dolor sit amet, consectetuer adipiscing elit. Proin risus.",2025-04-27,351,359
267,5,In quis justo. Maecenas rhoncus aliquam lacus.,2025-07-15,75,494
268,5,Nulla facilisi.,2025-06-08,327,286
269,4,Maecenas ut massa quis augue luctus tincidunt. Nulla mollis molestie lorem.,2025-10-12,127,101
270,4,Proin risus.,2025-09-28,431,193
271,5,Proin risus.,2026-03-10,76,379
272,2,Morbi vel lectus in quam fringilla rhoncus.,2025-11-16,314,164
273,1,"In tempor, turpis nec euismod scelerisque, quam turpis adipiscing lorem, vitae mattis nibh ligula nec sem.",2025-06-08,32,134
274,2,Nullam porttitor lacus at turpis. Donec posuere metus vitae ipsum.,2025-07-14,40,359
275,5,Morbi porttitor lorem id ligula.,2025-06-14,340,32
276,3,Aenean fermentum. Donec ut mauris eget massa tempor convallis.,2025-04-10,480,456
277,5,Aliquam non mauris.,2025-08-31,51,485
278,1,Donec ut dolor.,2025-06-06,256,407
279,3,Nunc nisl.,2026-01-10,259,138
280,1,"In tempor, turpis nec euismod scelerisque, quam turpis adipiscing lorem, vitae mattis nibh ligula nec sem. Duis aliquam convallis nunc.",2025-06-26,307,363
281,5,Nulla justo.,2025-07-13,372,304
282,5,"Vestibulum ante ipsum primis in faucibus orci luctus et ultrices posuere cubilia Curae; Nulla dapibus dolor vel est. Donec odio justo, sollicitudin ut, suscipit a, feugiat et, eros.",2025-08-11,132,298
283,4,Nulla nisl. Nunc nisl.,2025-12-05,217,324
284,3,"Integer pede justo, lacinia eget, tincidunt eget, tempus vel, pede. Morbi porttitor lorem id ligula.",2025-09-02,25,308
285,2,Phasellus in felis. Donec semper sapien a libero.,2025-10-12,239,124
286,4,Morbi a ipsum. Integer a nibh.,2025-08-27,252,55
287,1,Duis bibendum. Morbi non quam nec dui luctus rutrum.,2026-02-27,378,490
288,1,"Morbi vel lectus in quam fringilla rhoncus. Mauris enim leo, rhoncus sed, vestibulum sit amet, cursus id, turpis.",2025-11-22,423,371
289,3,"Morbi vestibulum, velit id pretium iaculis, diam erat fermentum justo, nec condimentum neque sapien placerat ante.",2025-04-24,66,206
290,5,Donec posuere metus vitae ipsum. Aliquam non mauris.,2025-10-02,462,297
291,5,Vivamus vestibulum sagittis sapien.,2025-03-20,18,362
292,3,Nullam sit amet turpis elementum ligula vehicula consequat.,2026-03-05,170,460
293,1,Morbi non lectus.,2025-04-11,376,152
294,5,Vestibulum rutrum rutrum neque.,2025-09-05,375,13
295,5,Quisque id justo sit amet sapien dignissim vestibulum. Vestibulum ante ipsum primis in faucibus orci luctus et ultrices posuere cubilia Curae; Nulla dapibus dolor vel est.,2025-04-24,32,369
296,3,"Morbi ut odio. Cras mi pede, malesuada in, imperdiet et, commodo vulputate, justo.",2025-06-07,393,129
297,1,Maecenas ut massa quis augue luctus tincidunt.,2026-01-07,159,105
298,3,Morbi non quam nec dui luctus rutrum.,2025-09-12,218,197
299,4,In eleifend quam a odio.,2025-04-15,56,48
300,4,Vivamus in felis eu sapien cursus vestibulum. Proin eu mi.,2025-09-12,424,154
301,1,Suspendisse ornare consequat lectus.,2025-04-24,82,407
302,3,"Integer non velit. Donec diam neque, vestibulum eget, vulputate ut, ultrices vel, augue.",2025-12-17,305,497
303,1,Donec quis orci eget orci vehicula condimentum.,2025-07-16,392,463
304,2,"Morbi vestibulum, velit id pretium iaculis, diam erat fermentum justo, nec condimentum neque sapien placerat ante.",2025-04-22,116,297
305,1,Pellentesque viverra pede ac diam.,2025-08-19,139,28
306,1,Aliquam quis turpis eget elit sodales scelerisque. Mauris sit amet eros.,2025-09-03,347,243
307,3,Integer ac leo. Pellentesque ultrices mattis odio.,2025-11-13,77,132
308,3,"Integer non velit. Donec diam neque, vestibulum eget, vulputate ut, ultrices vel, augue.",2026-03-12,458,412
309,4,Vestibulum ante ipsum primis in faucibus orci luctus et ultrices posuere cubilia Curae; Duis faucibus accumsan odio.,2025-09-04,275,421
310,2,Sed vel enim sit amet nunc viverra dapibus.,2025-06-18,459,342
311,1,Maecenas rhoncus aliquam lacus. Morbi quis tortor id nulla ultrices aliquet.,2025-09-17,221,203
312,4,Vivamus tortor.,2025-08-08,108,471
313,4,"Mauris enim leo, rhoncus sed, vestibulum sit amet, cursus id, turpis. Integer aliquet, massa id lobortis convallis, tortor risus dapibus augue, vel accumsan tellus nisi eu orci.",2025-04-11,276,228
314,3,Suspendisse potenti.,2025-10-15,233,433
315,5,"Nulla ac enim. In tempor, turpis nec euismod scelerisque, quam turpis adipiscing lorem, vitae mattis nibh ligula nec sem.",2025-07-20,150,495
316,1,Quisque porta volutpat erat.,2025-03-28,227,451
317,5,"Maecenas tristique, est et tempus semper, est quam pharetra magna, ac consequat metus sapien ut nunc. Vestibulum ante ipsum primis in faucibus orci luctus et ultrices posuere cubilia Curae; Mauris viverra diam vitae quam.",2025-07-29,7,369
318,5,Suspendisse ornare consequat lectus.,2025-11-23,384,457
319,1,"Aliquam augue quam, sollicitudin vitae, consectetuer eget, rutrum at, lorem. Integer tincidunt ante vel ipsum.",2025-06-30,366,170
320,1,Mauris sit amet eros. Suspendisse accumsan tortor quis turpis.,2025-10-30,144,62
321,5,Maecenas pulvinar lobortis est. Phasellus sit amet erat.,2026-02-12,105,394
322,1,"In tempor, turpis nec euismod scelerisque, quam turpis adipiscing lorem, vitae mattis nibh ligula nec sem. Duis aliquam convallis nunc.",2025-07-25,478,249
323,5,In eleifend quam a odio. In hac habitasse platea dictumst.,2025-06-25,423,41
324,5,Cras non velit nec nisi vulputate nonummy.,2025-03-23,235,456
325,3,"Cum sociis natoque penatibus et magnis dis parturient montes, nascetur ridiculus mus. Etiam vel augue.",2026-03-04,320,490
326,1,Integer non velit.,2025-10-03,402,79
327,4,"Cras in purus eu magna vulputate luctus. Cum sociis natoque penatibus et magnis dis parturient montes, nascetur ridiculus mus.",2025-03-22,1,342
328,3,Quisque id justo sit amet sapien dignissim vestibulum.,2025-08-11,264,286
329,2,Nam nulla.,2025-07-14,310,497
330,5,Vestibulum ante ipsum primis in faucibus orci luctus et ultrices posuere cubilia Curae; Mauris viverra diam vitae quam.,2026-02-25,187,216
331,1,"Nulla neque libero, convallis eget, eleifend luctus, ultricies eu, nibh. Quisque id justo sit amet sapien dignissim vestibulum.",2025-07-06,388,335
332,4,Aliquam quis turpis eget elit sodales scelerisque. Mauris sit amet eros.,2026-02-15,51,320
333,3,Nullam varius. Nulla facilisi.,2025-11-18,49,119
334,5,Morbi quis tortor id nulla ultrices aliquet.,2025-07-22,17,305
335,1,Vestibulum sed magna at nunc commodo placerat. Praesent blandit.,2026-02-06,293,134
336,3,"Integer pede justo, lacinia eget, tincidunt eget, tempus vel, pede. Morbi porttitor lorem id ligula.",2026-02-13,470,52
337,4,Maecenas tincidunt lacus at velit.,2025-06-25,234,88
338,3,"Quisque porta volutpat erat. Quisque erat eros, viverra eget, congue eget, semper rutrum, nulla.",2025-09-22,190,9
339,1,"Nunc nisl. Duis bibendum, felis sed interdum venenatis, turpis enim blandit mi, in porttitor pede justo eu massa.",2025-11-17,352,200
340,2,Morbi non quam nec dui luctus rutrum. Nulla tellus.,2025-10-12,373,210
341,5,Integer a nibh. In quis justo.,2025-11-17,204,417
342,3,Aliquam quis turpis eget elit sodales scelerisque.,2026-01-16,24,341
343,1,"Phasellus id sapien in sapien iaculis congue. Vivamus metus arcu, adipiscing molestie, hendrerit at, vulputate vitae, nisl.",2025-10-01,342,57
344,5,Nulla ut erat id mauris vulputate elementum. Nullam varius.,2025-05-01,361,278
345,5,Donec ut mauris eget massa tempor convallis.,2025-09-27,493,261
346,2,"Morbi quis tortor id nulla ultrices aliquet. Maecenas leo odio, condimentum id, luctus nec, molestie sed, justo.",2025-12-18,117,423
347,2,Nulla mollis molestie lorem. Quisque ut erat.,2025-06-22,89,164
348,5,Morbi porttitor lorem id ligula.,2025-05-06,111,156
349,1,"Donec odio justo, sollicitudin ut, suscipit a, feugiat et, eros. Vestibulum ac est lacinia nisi venenatis tristique.",2025-04-28,236,336
350,2,"Proin leo odio, porttitor id, consequat in, consequat ut, nulla. Sed accumsan felis.",2025-08-15,500,342
351,4,Aliquam erat volutpat. In congue.,2025-11-03,208,359
352,1,Nunc purus. Phasellus in felis.,2025-12-30,154,245
353,3,"Mauris enim leo, rhoncus sed, vestibulum sit amet, cursus id, turpis. Integer aliquet, massa id lobortis convallis, tortor risus dapibus augue, vel accumsan tellus nisi eu orci.",2025-12-05,116,123
354,2,Praesent id massa id nisl venenatis lacinia. Aenean sit amet justo.,2025-04-19,78,387
355,1,"Proin leo odio, porttitor id, consequat in, consequat ut, nulla. Sed accumsan felis.",2025-05-07,203,200
356,4,"Vivamus vestibulum sagittis sapien. Cum sociis natoque penatibus et magnis dis parturient montes, nascetur ridiculus mus.",2025-04-21,172,123
357,4,"Integer pede justo, lacinia eget, tincidunt eget, tempus vel, pede.",2025-06-27,29,404
358,4,Morbi quis tortor id nulla ultrices aliquet.,2025-04-26,204,210
359,2,Nulla suscipit ligula in lacus. Curabitur at ipsum ac tellus semper interdum.,2026-01-26,95,426
360,4,Nullam molestie nibh in lectus.,2026-01-03,445,296
361,1,"Lorem ipsum dolor sit amet, consectetuer adipiscing elit.",2026-01-15,448,319
362,3,Proin eu mi. Nulla ac enim.,2025-04-23,384,363
363,3,"Nulla ac enim. In tempor, turpis nec euismod scelerisque, quam turpis adipiscing lorem, vitae mattis nibh ligula nec sem.",2026-01-08,287,269
364,1,"Vestibulum quam sapien, varius ut, blandit non, interdum in, ante.",2025-03-25,110,271
365,4,"Quisque erat eros, viverra eget, congue eget, semper rutrum, nulla. Nunc purus.",2025-08-19,72,144
366,2,Nullam porttitor lacus at turpis.,2025-07-25,408,189
367,1,Vestibulum rutrum rutrum neque. Aenean auctor gravida sem.,2025-08-01,439,124
368,5,Donec ut dolor.,2026-01-17,123,362
369,1,Maecenas rhoncus aliquam lacus.,2025-11-29,310,102
370,4,Aenean fermentum. Donec ut mauris eget massa tempor convallis.,2025-08-28,118,115
371,3,"In blandit ultrices enim. Lorem ipsum dolor sit amet, consectetuer adipiscing elit.",2026-01-03,262,195
372,4,Nulla nisl. Nunc nisl.,2025-04-07,214,85
373,4,Vestibulum rutrum rutrum neque.,2025-05-14,340,160
374,5,In eleifend quam a odio.,2025-06-03,391,70
375,5,Donec semper sapien a libero.,2025-05-31,104,159
376,4,Morbi non lectus.,2025-11-06,233,316
377,4,Phasellus sit amet erat. Nulla tempus.,2025-09-09,427,499
378,5,In hac habitasse platea dictumst.,2025-07-11,174,9
379,1,Nulla ut erat id mauris vulputate elementum.,2025-12-30,267,76
380,2,Nunc purus. Phasellus in felis.,2025-08-17,359,277
381,4,"Cum sociis natoque penatibus et magnis dis parturient montes, nascetur ridiculus mus.",2026-03-04,231,259
382,5,Nullam porttitor lacus at turpis.,2026-02-07,77,471
383,4,Nullam molestie nibh in lectus. Pellentesque at nulla.,2025-05-26,78,26
384,2,Vestibulum rutrum rutrum neque.,2025-08-16,190,37
385,2,"Duis ac nibh. Fusce lacus purus, aliquet at, feugiat non, pretium quis, lectus.",2025-11-22,468,156
386,1,Pellentesque at nulla. Suspendisse potenti.,2025-11-11,49,8
387,2,"Nam ultrices, libero non mattis pulvinar, nulla pede ullamcorper augue, a suscipit nulla elit ac nulla. Sed vel enim sit amet nunc viverra dapibus.",2025-07-26,92,282
388,1,Nulla tellus. In sagittis dui vel nisl.,2026-03-14,441,136
389,4,"Donec diam neque, vestibulum eget, vulputate ut, ultrices vel, augue. Vestibulum ante ipsum primis in faucibus orci luctus et ultrices posuere cubilia Curae; Donec pharetra, magna vestibulum aliquet ultrices, erat tortor sollicitudin mi, sit amet lobortis sapien sapien non mi.",2025-11-16,234,242
390,3,"Cum sociis natoque penatibus et magnis dis parturient montes, nascetur ridiculus mus. Etiam vel augue.",2025-11-22,81,99
391,3,"Integer aliquet, massa id lobortis convallis, tortor risus dapibus augue, vel accumsan tellus nisi eu orci.",2025-10-22,408,235
392,4,Donec quis orci eget orci vehicula condimentum. Curabitur in libero ut massa volutpat convallis.,2026-01-15,13,448
393,1,Duis mattis egestas metus.,2025-07-15,207,142
394,4,"Morbi vestibulum, velit id pretium iaculis, diam erat fermentum justo, nec condimentum neque sapien placerat ante.",2025-09-15,155,267
395,5,"Integer aliquet, massa id lobortis convallis, tortor risus dapibus augue, vel accumsan tellus nisi eu orci. Mauris lacinia sapien quis libero.",2025-04-21,176,463
396,4,Cras non velit nec nisi vulputate nonummy.,2025-10-03,369,28
397,2,"Vestibulum ante ipsum primis in faucibus orci luctus et ultrices posuere cubilia Curae; Donec pharetra, magna vestibulum aliquet ultrices, erat tortor sollicitudin mi, sit amet lobortis sapien sapien non mi.",2025-10-22,26,126
398,3,Vivamus tortor. Duis mattis egestas metus.,2025-04-23,317,34
399,3,"Morbi odio odio, elementum eu, interdum eu, tincidunt in, leo.",2025-04-10,305,85
400,4,Morbi non quam nec dui luctus rutrum. Nulla tellus.,2025-05-19,486,445
401,3,Maecenas tincidunt lacus at velit. Vivamus vel nulla eget eros elementum pellentesque.,2026-03-15,442,373
402,2,Donec dapibus.,2026-01-13,383,165
403,3,In hac habitasse platea dictumst.,2025-07-20,192,50
404,3,Nulla facilisi. Cras non velit nec nisi vulputate nonummy.,2025-07-02,492,187
405,3,In sagittis dui vel nisl.,2026-03-12,179,466
406,5,Vestibulum ante ipsum primis in faucibus orci luctus et ultrices posuere cubilia Curae; Duis faucibus accumsan odio.,2025-10-30,27,302
407,5,In hac habitasse platea dictumst.,2025-07-17,24,346
408,5,Sed accumsan felis.,2025-05-19,90,430
409,5,"Integer pede justo, lacinia eget, tincidunt eget, tempus vel, pede. Morbi porttitor lorem id ligula.",2026-01-01,227,336
410,4,Quisque ut erat.,2026-01-11,117,101
411,3,Proin at turpis a pede posuere nonummy. Integer non velit.,2026-03-11,129,227
412,2,Etiam vel augue.,2025-03-29,8,263
413,4,Nulla suscipit ligula in lacus. Curabitur at ipsum ac tellus semper interdum.,2025-05-01,475,162
414,5,Nulla justo. Aliquam quis turpis eget elit sodales scelerisque.,2026-01-01,251,258
415,3,Nunc nisl.,2025-12-04,40,433
416,4,Duis mattis egestas metus. Aenean fermentum.,2025-06-23,385,391
417,5,"Vestibulum quam sapien, varius ut, blandit non, interdum in, ante. Vestibulum ante ipsum primis in faucibus orci luctus et ultrices posuere cubilia Curae; Duis faucibus accumsan odio.",2026-01-27,110,222
418,4,Pellentesque at nulla.,2025-04-15,42,466
419,1,"Lorem ipsum dolor sit amet, consectetuer adipiscing elit. Proin interdum mauris non ligula pellentesque ultrices.",2025-07-06,320,146
420,2,Nulla justo.,2025-08-24,454,50
421,3,"Proin leo odio, porttitor id, consequat in, consequat ut, nulla. Sed accumsan felis.",2025-04-10,327,439
422,2,Pellentesque eget nunc.,2025-06-29,103,79
423,5,"Mauris enim leo, rhoncus sed, vestibulum sit amet, cursus id, turpis.",2026-01-17,462,446
424,2,Nulla tempus.,2025-04-19,485,3
425,2,Vestibulum sed magna at nunc commodo placerat. Praesent blandit.,2025-11-23,193,46
426,3,Aliquam quis turpis eget elit sodales scelerisque.,2025-03-30,283,428
427,3,"Duis bibendum, felis sed interdum venenatis, turpis enim blandit mi, in porttitor pede justo eu massa.",2025-06-18,285,346
428,2,Proin risus. Praesent lectus.,2025-06-03,471,452
429,5,Praesent blandit. Nam nulla.,2025-08-20,203,421
430,4,Nunc purus. Phasellus in felis.,2025-10-20,43,188
431,5,Proin interdum mauris non ligula pellentesque ultrices.,2025-04-27,64,192
432,5,Nulla ut erat id mauris vulputate elementum.,2025-12-30,284,267
433,4,Vestibulum ante ipsum primis in faucibus orci luctus et ultrices posuere cubilia Curae; Duis faucibus accumsan odio. Curabitur convallis.,2026-01-16,187,79
434,1,"Suspendisse ornare consequat lectus. In est risus, auctor sed, tristique in, tempus sit amet, sem.",2025-07-07,158,80
435,4,Integer tincidunt ante vel ipsum.,2025-10-11,421,136
436,3,"Duis bibendum, felis sed interdum venenatis, turpis enim blandit mi, in porttitor pede justo eu massa.",2025-04-03,187,464
437,1,"Cum sociis natoque penatibus et magnis dis parturient montes, nascetur ridiculus mus. Vivamus vestibulum sagittis sapien.",2025-11-15,259,395
438,4,Maecenas pulvinar lobortis est.,2025-04-12,49,289
439,5,"Integer non velit. Donec diam neque, vestibulum eget, vulputate ut, ultrices vel, augue.",2025-08-19,337,326
440,3,Nunc rhoncus dui vel sem. Sed sagittis.,2025-09-14,62,233
441,3,Mauris ullamcorper purus sit amet nulla.,2025-05-06,470,479
442,2,"Nunc nisl. Duis bibendum, felis sed interdum venenatis, turpis enim blandit mi, in porttitor pede justo eu massa.",2025-05-07,408,494
443,2,Integer a nibh. In quis justo.,2026-02-27,318,233
444,1,Morbi non lectus.,2025-10-03,150,210
445,3,Nullam molestie nibh in lectus. Pellentesque at nulla.,2025-10-02,326,225
446,5,Praesent blandit lacinia erat.,2025-12-10,496,387
447,5,"Vestibulum quam sapien, varius ut, blandit non, interdum in, ante. Vestibulum ante ipsum primis in faucibus orci luctus et ultrices posuere cubilia Curae; Duis faucibus accumsan odio.",2025-03-22,498,225
448,5,"Quisque porta volutpat erat. Quisque erat eros, viverra eget, congue eget, semper rutrum, nulla.",2025-06-12,129,354
449,3,Duis bibendum. Morbi non quam nec dui luctus rutrum.,2025-06-14,137,217
450,4,"Cum sociis natoque penatibus et magnis dis parturient montes, nascetur ridiculus mus.",2025-12-30,484,16
451,4,Quisque porta volutpat erat.,2025-12-10,174,312
452,4,Mauris lacinia sapien quis libero.,2025-12-28,199,300
453,5,"In est risus, auctor sed, tristique in, tempus sit amet, sem.",2025-09-24,287,367
454,1,"Duis bibendum, felis sed interdum venenatis, turpis enim blandit mi, in porttitor pede justo eu massa. Donec dapibus.",2026-02-28,244,261
455,3,"Fusce lacus purus, aliquet at, feugiat non, pretium quis, lectus.",2025-04-29,149,189
456,1,Morbi vel lectus in quam fringilla rhoncus.,2025-07-24,479,54
457,4,Nulla tellus.,2025-11-26,96,199
458,3,Aliquam quis turpis eget elit sodales scelerisque.,2025-10-31,249,423
459,4,Phasellus in felis. Donec semper sapien a libero.,2025-05-18,110,186
460,1,Quisque ut erat. Curabitur gravida nisi at nibh.,2026-03-10,178,188
461,4,"Nam ultrices, libero non mattis pulvinar, nulla pede ullamcorper augue, a suscipit nulla elit ac nulla. Sed vel enim sit amet nunc viverra dapibus.",2025-06-10,440,383
462,5,"Quisque arcu libero, rutrum ac, lobortis vel, dapibus at, diam. Nam tristique tortor eu pede.",2026-03-01,227,156
463,5,"Nam ultrices, libero non mattis pulvinar, nulla pede ullamcorper augue, a suscipit nulla elit ac nulla. Sed vel enim sit amet nunc viverra dapibus.",2025-08-12,455,85
464,4,"Duis ac nibh. Fusce lacus purus, aliquet at, feugiat non, pretium quis, lectus.",2025-09-12,260,292
465,2,Etiam justo. Etiam pretium iaculis justo.,2026-01-07,107,20
466,4,Morbi ut odio.,2026-02-05,50,413
467,4,"Morbi ut odio. Cras mi pede, malesuada in, imperdiet et, commodo vulputate, justo.",2025-08-02,233,387
468,4,Ut at dolor quis odio consequat varius.,2025-05-15,172,407
469,4,Integer non velit.,2025-04-01,414,302
470,4,Nunc purus. Phasellus in felis.,2026-01-15,188,452
471,4,"In est risus, auctor sed, tristique in, tempus sit amet, sem. Fusce consequat.",2025-08-18,446,397
472,4,"Vestibulum ante ipsum primis in faucibus orci luctus et ultrices posuere cubilia Curae; Donec pharetra, magna vestibulum aliquet ultrices, erat tortor sollicitudin mi, sit amet lobortis sapien sapien non mi.",2026-02-01,268,124
473,1,Nulla ut erat id mauris vulputate elementum. Nullam varius.,2025-05-15,495,157
474,3,Phasellus id sapien in sapien iaculis congue.,2025-04-04,486,350
475,2,Vestibulum rutrum rutrum neque.,2025-11-03,38,90
476,5,Integer ac neque. Duis bibendum.,2025-08-16,232,303
477,5,Donec quis orci eget orci vehicula condimentum.,2025-03-31,433,438
478,2,"Quisque erat eros, viverra eget, congue eget, semper rutrum, nulla.",2025-08-28,107,194
479,3,"Aliquam augue quam, sollicitudin vitae, consectetuer eget, rutrum at, lorem. Integer tincidunt ante vel ipsum.",2025-06-13,227,382
480,3,"Integer non velit. Donec diam neque, vestibulum eget, vulputate ut, ultrices vel, augue.",2025-05-26,40,5
481,4,"Integer pede justo, lacinia eget, tincidunt eget, tempus vel, pede. Morbi porttitor lorem id ligula.",2026-01-01,278,485
482,4,Ut tellus. Nulla ut erat id mauris vulputate elementum.,2025-09-02,406,452
483,5,"Lorem ipsum dolor sit amet, consectetuer adipiscing elit.",2025-10-18,251,312
484,3,"Duis bibendum, felis sed interdum venenatis, turpis enim blandit mi, in porttitor pede justo eu massa.",2025-05-09,347,57
485,2,Nulla ac enim.,2025-12-06,493,94
486,5,"Cum sociis natoque penatibus et magnis dis parturient montes, nascetur ridiculus mus.",2025-11-03,140,285
487,2,Pellentesque viverra pede ac diam.,2025-11-03,43,499
488,5,Duis aliquam convallis nunc.,2026-02-16,114,178
489,1,In congue.,2025-07-04,310,389
490,2,Aliquam non mauris. Morbi non lectus.,2025-12-03,391,264
491,5,Aenean lectus.,2025-03-22,68,126
492,5,Quisque ut erat. Curabitur gravida nisi at nibh.,2025-09-14,450,340
493,3,Pellentesque at nulla. Suspendisse potenti.,2026-03-11,421,457
494,1,Aenean fermentum. Donec ut mauris eget massa tempor convallis.,2025-05-29,138,2
495,3,Proin at turpis a pede posuere nonummy.,2025-06-27,362,135
496,2,"Maecenas leo odio, condimentum id, luctus nec, molestie sed, justo. Pellentesque viverra pede ac diam.",2025-12-10,468,189
497,2,"Morbi odio odio, elementum eu, interdum eu, tincidunt in, leo.",2025-12-27,151,478
498,4,Vivamus vel nulla eget eros elementum pellentesque. Quisque porta volutpat erat.,2026-03-12,472,486
499,2,"Lorem ipsum dolor sit amet, consectetuer adipiscing elit.",2025-08-28,193,54
500,5,Duis aliquam convallis nunc.,2026-03-11,168,7
