SupplierID,CompanyName,ContactName,ContactPhone
1,Tagfeed,Essie Beddis,807-280-4680
2,Tanoodle,Haydon Brombell,515-142-8619
3,Minyx,Avril Mather,790-594-6184
4,Bluejam,Terry Cornborough,295-565-6589
5,Devpulse,Barnard Gawkes,212-546-9916
6,InnoZ,Dita Mordie,899-348-2195
7,Reallinks,Tanner Karpmann,993-690-4950
8,Devpoint,Annabel Graalman,644-871-1842
9,Cogibox,Mathilde Pleat,540-298-5582
10,Skaboo,Cara Galiero,645-412-4139
11,Yodoo,Jerrilyn Carss,556-100-1298
12,Demimbu,Corri Downey,408-651-2292
13,Flipstorm,Dru Stenett,132-126-3887
14,Agivu,Lesley Luc,784-317-4631
15,Agivu,Baxie Pagelsen,928-886-8823
16,Kazio,Culley Bennie,953-612-2683
17,Dabshots,Harriet Rude,998-304-9261
18,Eidel,Athene Klassman,334-369-5919
19,Meetz,Garnet Cawood,260-775-9505
20,Rooxo,Henry Sadgrove,699-560-3989
21,Devpoint,Karoly Hiland,871-754-4655
22,Voomm,Blakelee Varran,248-818-1280
23,Pixonyx,Abbot Bach,890-300-1829
24,Vinte,Sianna Law,725-723-9425
25,JumpXS,Leann Fansy,714-875-7789
26,Plajo,Roana Mahood,784-511-0029
27,Buzzbean,Lily Philipsson,215-377-7021
28,Yamia,Victor Brownlee,173-797-5515
29,Kare,Iris Tidball,398-310-1971
30,Babblestorm,Nathaniel Freake,130-917-1928
31,Skimia,Shelagh Kenewel,907-277-1189
32,Feedfire,Celinda Grimestone,203-586-0373
33,Zoonder,Philly Limbert,296-350-6094
34,Flipbug,Jordan Wimbury,526-952-3396
35,Katz,Augusta Grimbaldeston,198-921-7256
36,Vitz,Rodolph Milkeham,623-136-3699
37,Yodoo,Kippy Glanfield,319-887-9891
38,Browsecat,Ted Pee,429-885-7271
39,Kanoodle,Ange Lugton,522-709-1459
40,Centimia,Lucio McKeney,352-722-9503
41,Ooba,Talya Drakers,694-357-3074
42,Bubbletube,Lazar Rookes,684-548-2582
43,Livetube,Morris Garrick,342-673-2054
44,Bluezoom,Natty Tomasz,664-359-1889
45,Fiveclub,Frank Bouchier,265-617-9305
46,Devshare,Barbaraanne Audrey,505-447-9724
47,Dynava,Lavinie Ropkes,111-192-7819
48,Demivee,Travis Kneesha,502-826-1371
49,Aibox,Mattie Amner,201-779-4879
50,Topiczoom,Jeannine Poyner,449-608-2068
51,Tavu,Halsy Fronks,363-326-1670
52,Bubblebox,Stirling Brandone,380-345-2401
53,Babblestorm,Bernarr Phelip,302-254-8670
54,Reallinks,Debi Getch,494-604-0368
55,Jayo,Dreddy Smallman,305-285-5521
56,Dabshots,Theresa Sharram,656-493-1567
57,Voonyx,Demeter Tooby,378-992-7227
58,Skippad,Alia Semper,166-641-6519
59,Kayveo,Alie Tape,518-594-8535
60,Divanoodle,Chas Gaiger,310-860-5649
61,Skimia,Wolfie Walczynski,651-183-0291
62,Meevee,Mic Lehrer,711-176-9638
63,Plambee,Devy Leatt,354-163-0083
64,Feedfire,Ketty Heap,112-457-6561
65,Demizz,Griffith Cushe,344-982-4889
66,Feedspan,Cly Benedit,900-725-6278
67,Cogilith,Emmie Foskin,470-372-8702
68,Avamba,Ingmar Haruard,940-536-7680
69,Aivee,Timotheus Lummus,880-402-3272
70,Fatz,Lilas Thowless,628-164-0028
71,Yombu,Alana O'Scollee,859-691-7516
72,Izio,Gregg Snelle,377-104-1486
73,Twitterworks,Culver Fasham,203-335-0507
74,Kare,Ellette McMullen,558-993-9924
75,Abata,Giacobo Rosenblatt,612-450-4825
76,Demizz,Hardy Dormand,269-706-0138
77,Skilith,Loy Gilloran,675-476-9972
78,Rooxo,Domini Clubley,648-473-3207
79,Realpoint,Brandise Leek,723-596-3258
80,Demizz,Darnell Banat,157-809-1520
81,Skippad,Boothe Stabbins,637-718-9342
82,Yadel,Illa Ohrtmann,629-181-1434
83,Tavu,Jeanie Krause,253-213-2018
84,Voomm,Dorree Elliston,480-472-2176
85,Yotz,Deane Climance,343-472-7207
86,Mudo,Jaine Letteresse,803-274-9540
87,Edgeify,Cristal Piele,866-382-1310
88,Thoughtbeat,Mahalia Valentim,491-620-7454
89,Realcube,Daffi Goathrop,617-945-8220
90,Twitterworks,Sela Skyppe,677-236-7608
91,Tanoodle,Nels Holde,335-565-4592
92,Jaxbean,Gwenni Breslau,591-888-6865
93,Bubbletube,Cassandra Longman,735-675-1247
94,Kazio,Sax Giacometti,753-460-3077
95,Quimba,Fitzgerald Ege,149-753-7481
96,Dynabox,Didi Gianuzzi,106-323-3371
97,Fiveclub,Robin Haitlie,771-431-7388
98,Youtags,Correna Hendriks,743-369-8216
99,Avamba,Paten O'Kerin,641-449-3451
100,Centizu,Alie Wadworth,991-892-6309
101,Fatz,Papageno Fromont,377-550-2321
102,Latz,Dyann Ioannou,601-878-5931
103,Camimbo,Dukey Golling,974-529-0783
104,Fatz,Leeann Wallhead,753-631-2866
105,Buzzbean,Rosco Werndly,217-335-5429
106,Dynabox,Rora Feirn,595-524-8544
107,Jayo,Bellina Bettam,104-469-4425
108,Edgeify,Mark Petras,160-418-8741
109,Twitterbridge,Abraham Drewry,270-872-0578
110,Mydo,Marissa Wane,543-164-6598
111,Voolia,Bogart Rosoni,957-586-3232
112,Youspan,Christoffer Meacher,293-535-3857
113,Gabvine,Mada Lanaway,662-718-8313
114,Yakidoo,Nissie Maggiori,852-495-9202
115,Trunyx,Ferne Scare,373-760-2363
116,Feednation,Patience Trude,439-787-6751
117,Oyondu,Darn Germain,278-818-3765
118,Eazzy,Bartolemo Jeary,211-410-9893
119,Voomm,Andrus Just,701-743-1742
120,Tagtune,Hedy Augustine,206-570-9686
121,Jaxworks,Christiana Brinson,779-131-1131
122,Skynoodle,Antonina Geering,809-486-7091
123,Wordpedia,Bliss Pessold,160-872-9928
124,Skibox,Cathyleen Shapira,602-488-3505
125,Zazio,Tracey MacIlwrick,229-768-4046
126,Lazz,Mary Renyard,513-683-8327
127,Kayveo,Beatrix Blewett,572-451-6361
128,Livepath,Grete Mundow,459-787-7291
129,Trupe,Yulma Shallo,732-223-0602
130,Yacero,Vinnie McDonnell,382-358-2156
131,Roodel,Juliana Sandever,167-841-8653
132,Bluejam,Fanchon Adams,976-959-2127
133,Brightbean,Madonna Astling,214-291-0551
134,Tazz,Modesta Jime,560-871-9497
135,Abatz,Gavan Bartholomew,139-230-1650
136,Meeveo,Gil Shakle,196-629-5866
137,Oodoo,Guillemette Liger,230-265-0229
138,Yabox,Fee Cotes,397-541-3770
139,Voolith,Harrie Kollas,820-509-3985
140,Mynte,Basil Mostin,864-451-4217
141,Shuffledrive,Terrell Maneylaws,102-901-1965
142,Devify,Doe Brewett,615-330-5374
143,Quatz,Xylina Proffitt,496-672-3213
144,Roombo,Gweneth Woollons,944-856-0671
145,Skyvu,Correy Quantrell,770-162-9794
146,Mycat,Donella Gildea,415-842-2861
147,Ailane,Amabelle Wollard,813-831-6700
148,Yotz,Terese Bowton,768-184-9615
149,Browsedrive,Britteny Lampens,921-726-9975
150,Skinix,Bent Merrington,950-804-6240
151,Realpoint,Corine Auten,382-106-6991
152,Shufflebeat,Kamilah Rahl,144-857-6564
153,Skiba,Otes Seawright,386-582-3291
154,Flipbug,Susy Moyce,983-174-2923
155,Photospace,Lettie Segrott,603-593-4404
156,Edgeclub,Olav Devons,435-257-5432
157,Viva,Korella Vicarey,259-508-7059
158,Linkbuzz,Ranique Busson,238-685-6881
159,Kwideo,Steffie Van der Hoven,658-553-7530
160,Browsedrive,Vito Cocklin,951-756-0398
161,Flashset,Anna Estable,740-672-8829
162,Tekfly,Elianore Ielden,353-572-2392
163,Skiba,Devora Keneforde,818-734-2394
164,Tagpad,Wynn Oxenford,298-181-9585
165,Dabshots,Maddie Gamlin,526-127-9184
166,Ozu,Barbee Thomassen,451-452-3816
167,Babblestorm,Ethelind Batson,611-298-3568
168,Browsebug,Michail Yonnie,422-646-3631
169,Vitz,Roma Enright,218-616-0885
170,Rhycero,Natka Hrishanok,887-189-6898
171,Linktype,Katie Oldred,183-321-9826
172,Midel,Yanaton Cogdell,683-459-1005
173,Skynoodle,Hazel Garrat,623-950-0821
174,Oyoloo,Farah Atchly,975-182-9566
175,Demizz,Pancho Ketch,798-841-7363
176,InnoZ,Wilie Vernay,109-263-5295
177,Realcube,Elianore Amaya,468-982-9174
178,Chatterbridge,Wade Kieran,153-622-7662
179,Kwilith,Oriana Tweedell,917-597-0466
180,Linkbridge,Sydelle Kingshott,382-688-2560
181,Ntags,Nanice Gossington,818-927-3188
182,Fivespan,Leonelle Tolworth,388-559-1450
183,Voolia,Hernando Curtayne,761-203-3529
184,Blogtag,Milty Clemenzo,705-643-0794
185,Trilith,Pernell Rossborough,771-819-4533
186,Gigaclub,Vera Howden,678-616-6052
187,Wikizz,Hope Bubbear,668-244-1520
188,Twitterbeat,Archer Heindrich,312-610-7648
189,Livetube,Zabrina Ellaman,674-433-1425
190,Dynazzy,Fancy Buggy,398-831-5352
191,Linkbridge,Reuben Loxston,546-935-8399
192,Cogilith,Dan Standbridge,566-305-1553
193,Vimbo,Monroe Walklett,391-616-8576
194,Oodoo,Shelia Yeowell,702-227-0323
195,Izio,Magda Girt,111-139-4626
196,Dabshots,Olia Pren,359-326-5604
197,Gabtype,Mable Moret,610-777-8382
198,Buzzster,Leonidas Fendlow,697-513-4739
199,Leexo,Antonina Fawdrie,987-309-6137
200,Edgewire,Flori Gerring,142-879-2503
201,Midel,Dione Barke,132-143-3252
202,Kwimbee,Luis Gleed,781-409-8657
203,Quimba,Luise Weiner,607-477-7790
204,Youspan,Theodore Zanutti,828-391-8863
205,Fivebridge,Araldo Paddock,930-515-2993
206,Gabtune,Leyla Knowller,423-835-2816
207,Oyondu,Patrica Branchflower,268-993-4686
208,Podcat,Andrej Schober,501-447-8659
209,Dynazzy,Toinette Joddins,296-205-3401
210,Skivee,Corri Rao,514-454-9075
211,Divavu,Bernardina Klesse,211-390-0366
212,Yata,Nonah Bartram,361-114-3829
213,Edgeblab,Kerry Bleything,769-942-3365
214,Babbleset,Rutledge Dabel,129-859-6248
215,Kazu,Goldia Button,255-220-2800
216,Edgeify,Jeremie Rothera,954-288-6025
217,Voomm,Sibella Jaime,833-880-3048
218,Divanoodle,Hattie Storks,200-585-3114
219,Skipstorm,Kip Springett,547-987-6118
220,Yotz,Kathye Leonardi,267-718-1595
221,Zoomzone,Hubert Verchambre,771-762-9030
222,Roomm,Corrie McTrustam,853-304-1884
223,Youbridge,Janina Purshouse,624-506-7566
224,Geba,Karola Iskov,245-449-8809
225,Eadel,Shawna Berrigan,281-272-8862
226,Centimia,Zitella Grace,338-988-0191
227,Myworks,Cosmo Carlyon,931-235-9145
228,Skidoo,Curr Grenshiels,816-656-9560
229,Yotz,Mayer Grigaut,760-837-1584
230,Twitterbeat,Cathie Vane,364-965-7065
231,Trilith,Ingmar Elvin,905-213-8008
232,Topicware,Pegeen Proudler,471-342-7097
233,Tazz,Boigie Boolsen,167-984-3868
234,Dabjam,Emilia Tedorenko,850-783-8163
235,Skipstorm,Freemon Moulsdale,743-672-8441
236,Kaymbo,Felix Joice,950-474-1886
237,Zooxo,Minnie Borland,476-836-1301
238,Digitube,Winston Josselson,395-911-0524
239,Gabvine,Ysabel Simyson,480-910-1252
240,Oyondu,Nickey Formilli,592-193-3402
241,Jabberstorm,Cordie Sargison,685-425-1793
242,Skinte,Vale Stocker,832-512-0576
243,Ntag,Siffre Nassau,567-633-2400
244,Buzzster,Rubi Foyster,993-709-1000
245,Jaloo,Brent Ensley,808-191-6085
246,Rooxo,Andria Ridd,646-368-2268
247,Mynte,Dru Walduck,970-803-0040
248,Buzzshare,Edna Billanie,144-181-4174
249,Eazzy,Sharon Parris,959-769-4698
250,Fivespan,Maddie Le Monnier,105-189-3265
251,Muxo,Dory Chaize,115-157-2803
252,Kwideo,Garth Cornwell,105-197-7790
253,Skaboo,Ketty Shubotham,654-214-8061
254,Brainlounge,Sheppard Crampin,750-832-5346
255,Jatri,Ginnifer McElane,758-407-1123
256,Trupe,Murry O'Dowd,409-825-4664
257,Twitterbeat,Wallas Goodfield,549-509-4840
258,Skyvu,Jedd McGlashan,815-507-3528
259,Blogtags,Mathilda Fedorski,907-798-0205
260,Dabshots,Norma Simondson,731-959-6135
261,Tagopia,Cris Doleman,350-810-8340
262,Zoonder,Chariot Cashman,479-700-8760
263,Zoonder,Myrwyn Seabrocke,524-438-3368
264,Tagopia,Dalston Kippins,670-154-0177
265,Skimia,Bobina Pimlock,898-154-0060
266,Centimia,Burton Dearsley,867-296-3723
267,Oyope,Nannie Winwood,248-737-7477
268,Rhybox,Justinian Haking,968-929-9639
269,Youbridge,Nowell Mulhall,159-152-7320
270,Blogpad,Danya Farfoot,138-141-2698
271,Demizz,Clementia Jozefiak,244-772-9156
272,Skiptube,Verine Cayet,448-874-2939
273,Aivee,Sophie Cordelette,512-832-8083
274,Teklist,Jobey Enrietto,742-364-6265
275,Blogtag,Reginald Nickell,975-938-0260
276,Lazzy,Terese Hotton,823-348-7514
277,Eadel,Hillie Fitzgerald,720-379-8922
278,Quinu,Margi Hands,667-953-2192
279,InnoZ,Charis Glasman,154-740-7813
280,Zoomcast,Cos Sandbatch,494-257-1559
281,Vitz,Melvyn Phalip,505-117-1791
282,Jaxbean,Cacilia Gude,734-138-8363
283,Topicblab,Bettina Sollon,611-571-5890
284,Jatri,Atlante Iredell,130-436-5535
285,Cogilith,Gar Stanier,202-905-6194
286,Cogibox,Ludovico Salvatore,544-847-0118
287,Meezzy,Keriann Finlry,895-737-1433
288,Voomm,Jeane Sprake,773-160-6517
289,Flashpoint,Mina Rucklesse,972-562-6786
290,Mynte,Kasey Moan,119-579-4755
291,Ntag,Anne-marie Organer,707-763-9648
292,Rooxo,Kerwinn Collingwood,577-911-2312
293,Eabox,Noreen Borless,785-789-8331
294,Blogspan,Mike Attree,163-409-9619
295,Leexo,Johnny Scemp,801-955-7163
296,Jabbersphere,Christean Troke,209-120-2217
297,Kazu,Edmon Islip,626-541-2277
298,Dabvine,Janaye Hobbert,850-995-3631
299,Abatz,Carolann Heenan,923-167-8700
300,Eadel,Alika Cowdery,604-673-1969
301,Einti,Ellen Gribbins,900-730-9388
302,Eare,Ephraim Benjamin,933-381-0641
303,Ntag,Valina McGriffin,525-856-3752
304,Quimm,Evelina Hallgarth,483-374-2491
305,Vinder,Hewett Churchward,279-233-5541
306,Jaloo,Albrecht Phayre,594-195-9146
307,Dabfeed,Nicolais Syncke,184-407-5384
308,Vitz,Norene Corneil,949-629-3830
309,Kwinu,Dory Critchley,611-942-8223
310,Yadel,Demeter Marciek,864-767-6378
311,Abatz,Tricia Beteriss,824-988-3175
312,Twitternation,Cammie Ellingford,405-589-0426
313,Divanoodle,Aloysius Awcoate,386-939-6664
314,Lazz,Gratia Bownas,506-420-7465
315,Skyba,Mamie Judkins,264-600-1922
316,Tekfly,Agace Sunners,463-623-3003
317,Aimbu,Kliment Hainey,904-807-7488
318,Camido,Lacy Tadman,783-198-8957
319,Ainyx,Hector Pietranek,866-599-7271
320,Minyx,Siobhan Kilminster,148-406-7948
321,Browsetype,Windy Coneau,624-775-0096
322,Vipe,Carolann Lusher,962-722-7465
323,Tanoodle,Warner Blasik,236-550-2320
324,Agimba,Natty Dicte,906-326-1147
325,Youspan,Dora McRill,995-271-8566
326,Yambee,Graeme Siberry,869-930-9468
327,Npath,Danette Meletti,842-458-3782
328,Trupe,Austin Gonnelly,100-157-8909
329,Wikizz,Jerrome Bateman,832-593-2689
330,Voolith,Markos Norcutt,371-635-0784
331,BlogXS,Catharine Schimann,883-170-5712
332,Quatz,Kym Clabburn,787-513-1147
333,Gigaclub,Caritta Husk,536-875-4121
334,Innotype,Myrwyn Harman,388-842-2689
335,Rhyzio,Westbrooke Burtwistle,697-733-0252
336,Riffpedia,Issie Biddle,702-723-9592
337,Rhynyx,Zared Speke,542-520-2660
338,Wikizz,Tani Clowton,771-544-1499
339,Gabtype,Urbain Flippelli,885-835-1959
340,Bluejam,Valry Wellstood,902-157-1959
341,Geba,Jeddy Birdwhistle,870-986-1447
342,Edgeblab,Angus Matyugin,596-943-4154
343,Zava,Templeton Baumann,683-370-6452
344,Quire,Zach Gambrell,609-615-6077
345,Abata,Lydia Docksey,941-115-1421
346,Ntags,Myca Ovid,914-303-5589
347,Photolist,Krispin Murrill,443-286-2992
348,Roodel,Barnaby Acutt,694-529-4187
349,Wordpedia,Winthrop Tooth,469-858-6877
350,Chatterpoint,Verile Elcoux,141-639-8879
351,Rhynyx,Lindsy Middleton,145-508-6738
352,Trudeo,Reginauld Codeman,892-449-3910
353,Meevee,Ileane Chaudhry,886-823-0288
354,Kare,Madalyn Tanzer,819-119-6215
355,Yambee,Ora Logsdail,451-719-0347
356,Voolith,Georgena Baudinet,810-642-6562
357,Cogidoo,Raviv Saunderson,708-549-8973
358,Zoomdog,Hayyim Turfrey,937-480-9706
359,Npath,Antone Woodger,256-834-1489
360,Roombo,Franklyn Jozwiak,979-627-8688
361,Babbleset,Kathleen Chevalier,321-638-7709
362,Kayveo,Roderick Rawes,795-890-5570
363,Zoombox,Batholomew Dener,492-516-8539
364,Ooba,Pepita Gyde,719-295-5422
365,Blogtags,Trstram Harmar,691-282-8547
366,Yambee,Matilda Peaddie,646-545-4471
367,Tagfeed,Wiatt Inkle,553-536-0628
368,Livefish,Arthur Van der Hoven,465-944-4190
369,Wikibox,Daryl Aloshkin,808-930-2349
370,Feedfish,Fayre McLorinan,284-686-5373
371,Tagchat,Leonidas Stenning,897-692-0375
372,Quatz,Noak Turford,385-241-6260
373,Realbridge,Julio Prawle,680-152-1133
374,Zava,Jeramie Wildes,321-121-0495
375,Aibox,Helaina Scrimshaw,754-907-5875
376,Yodoo,Bernhard Isgate,261-457-4021
377,Eazzy,Ringo Ceresa,503-227-6229
378,Tagchat,Karee Stiger,199-548-2196
379,Realbuzz,Dasya Purchase,141-801-8948
380,Babbleset,Torre Boddington,211-993-9022
381,Shufflester,Shelton Jindracek,480-315-4162
382,Twiyo,Krystyna Poser,847-284-9261
383,Edgeblab,Mariann Atkinson,493-346-0764
384,Quatz,Pris Emmitt,462-399-2872
385,Gevee,Rhodia Conboy,466-353-8172
386,Realblab,Zeb Baldack,811-737-0269
387,Yakitri,Georgianna Firidolfi,651-330-7194
388,Photobug,Shaughn Catterell,885-783-8150
389,Quamba,Sherrie Phillins,435-620-6222
390,Talane,Perry Tendahl,428-785-0409
391,Npath,Minette Moniker,166-444-0579
392,Voolith,Jerrie Hocking,254-632-3250
393,Geba,Robin Belvin,638-765-9411
394,JumpXS,Sybil Braxton,645-737-1949
395,Youtags,Bella Bortolussi,627-770-2854
396,Talane,Alix Sowte,912-643-2985
397,Omba,Kleon Huegett,988-712-5504
398,Kwideo,Paige Halm,202-532-0100
399,JumpXS,Kalie Steljes,192-347-2666
400,Innotype,Christophe Placido,101-214-9988
401,Zoonder,Marty McMichan,530-507-7501
402,Gigabox,Brannon Dake,704-250-9167
403,Rhycero,Janean Ferraraccio,525-512-5275
404,LiveZ,Doris Lawley,717-258-5268
405,Skimia,Jamaal Wicken,314-637-9642
406,Yoveo,Jacynth Abbitt,991-985-1339
407,Voomm,Evin Goodbairn,212-664-0627
408,Teklist,Ailina Lessmare,875-745-3965
409,Quamba,Rudie Prout,585-298-9562
410,Shuffletag,Haydon Freiberg,937-364-1121
411,Rhynyx,Helga Beseke,366-479-3930
412,Myworks,Marj Orum,562-111-4640
413,Realcube,Charisse Ioannou,177-963-6151
414,Skyba,Dacey Piletic,453-784-5644
415,Voonyx,Burnaby Alliberton,938-572-5844
416,Tagopia,Grissel Grise,119-885-2703
417,Tambee,Ellwood Drowsfield,170-417-8232
418,Gigabox,Jaimie Norwood,148-797-5192
419,Voonyx,Katine Ettridge,291-669-1357
420,Plambee,Sean Rosenblad,874-549-7543
421,Tagtune,Harp Cullrford,240-763-0740
422,Gabtune,Pablo Fillis,281-600-5779
423,Dynabox,Sisile Giacoppo,468-152-2242
424,Trunyx,Merridie Stendell,689-787-4953
425,Linklinks,Ellery Paulot,561-309-6012
426,Zoomcast,Archy Hallock,382-398-7408
427,Devshare,Reynold Escalante,376-622-4032
428,Topicblab,Wolfie Neilus,356-185-6305
429,Livepath,Arch Le Fleming,620-377-3079
430,Roomm,Dukie Lamas,604-989-0135
431,Minyx,Taber Salery,870-269-4198
432,Yodel,Franny Inchboard,488-551-2693
433,Quatz,Allister Akaster,194-758-7791
434,Camido,Robyn Tomasian,185-335-2271
435,Voonyx,Beatrisa Chavey,481-477-3662
436,Eire,Addia Father,964-654-4961
437,Wordware,Vinnie Glasson,479-374-2300
438,Edgepulse,Aylmar Boother,904-307-7698
439,Rhyzio,Wakefield Binfield,353-928-3092
440,Gabcube,Sashenka Riep,725-578-8965
441,Feedspan,Hailey Dicke,935-218-5719
442,Voonte,Yves Glendining,370-489-9415
443,Twitterbridge,Andonis Scammonden,469-255-0599
444,Cogilith,Gabriel Fellgett,747-449-5640
445,Realbuzz,Oralee Guilloneau,963-739-7943
446,Meejo,Darcee Cottesford,583-614-5470
447,Babbleset,Niko Lye,728-196-7927
448,Flipopia,Charlena Santi,930-280-4353
449,InnoZ,Ninette Testo,968-590-9659
450,Meejo,Maure Chatband,911-160-0525
451,Oyoloo,Catherine Aspital,505-854-4074
452,Cogibox,Rollo Hulland,404-768-9440
453,Dynabox,Petey Tiddy,144-140-4232
454,Tagchat,Brennan Gulvin,644-718-4845
455,Brainlounge,Renault MacSkeaghan,979-836-8922
456,Riffpath,Bonnee Masedon,270-572-5135
457,Gigabox,Krystyna Sambiedge,345-743-6851
458,Meejo,Freedman Toogood,661-363-9724
459,Innotype,Rees Pennings,881-134-4830
460,Brightdog,Emmit Ogley,789-986-6798
461,Quatz,Bengt Endle,465-972-9233
462,Realbridge,Bernetta Krzysztofiak,440-868-2718
463,Latz,Delly Othen,551-277-6896
464,Photolist,Palmer Nunnery,839-435-6544
465,Skajo,Darci Ebbers,322-713-7714
466,Youspan,Mattheus Clendinning,878-304-4926
467,Meemm,Paton Braddock,830-265-3869
468,Skaboo,Agustin Boydon,761-421-9688
469,Browseblab,Dahlia Leuty,146-848-5946
470,Jazzy,Courtenay Duffie,676-972-9825
471,Minyx,Ring Terzi,655-709-0198
472,Topdrive,Hildagarde Sogg,311-623-9242
473,Thoughtblab,Vidovic Stollenberg,958-795-5620
474,Kwimbee,Barris Birbeck,805-893-1923
475,Wikibox,Max Lehrian,323-499-5762
476,Jaloo,Fedora Winspar,368-805-1382
477,Blogpad,Rosamund Sheldrake,202-918-9060
478,Riffwire,Bertrando Standeven,432-595-0493
479,Flashpoint,Meryl Lodo,198-407-3079
480,Voolia,Josephine Woodhouse,187-378-0463
481,Feedfish,Clarey Lindley,440-299-9032
482,Edgewire,Prescott Renol,144-459-7900
483,Photospace,Ignaz Buist,731-397-7014
484,Topicstorm,Corrie Rossetti,853-759-7367
485,Feedfish,Jazmin Meaden,261-230-5309
486,Eayo,Etienne Migheli,240-929-4331
487,Lajo,Harriett Tabard,356-427-4341
488,Blogtag,Hanson Suffield,390-525-4255
489,Twimm,Ashlan Ellesmere,812-493-3445
490,Thoughtworks,Erich Hatto,517-730-9170
491,Yacero,Kalie Crownshaw,569-178-6561
492,Twitterwire,Sonja Worcs,630-510-5827
493,Mynte,Ernaline Watt,867-732-3431
494,Meetz,Addy Hagwood,492-150-9085
495,Vinder,Viviyan De Metz,719-260-8111
496,Shufflester,Andree Tibbetts,195-208-2569
497,Skinix,Marci Gleaves,898-157-7347
498,Centimia,Ricky Flook,551-844-0502
499,Gabspot,Cirillo Plaice,864-770-3260
500,Voomm,Averil Swigger,125-560-1496
